"","district","town"
"1","大同區","南芳里"
"2","大同區","南芳里"
"3","大同區","南芳里"
"4","大同區","南芳里"
"5","大同區","南芳里"
"6","大同區","南芳里"
"7","大同區","南芳里"
"8","大同區","南芳里"
"9","士林區","福順里"
"10","士林區","福順里"
"11","士林區","福順里"
"12","士林區","福順里"
"13","士林區","福順里"
"14","士林區","福順里"
"15","南港區","成福里"
"16","內湖區","大湖里"
"17","南港區","成福里"
"18","萬華區","興德里"
"19","萬華區","興德里"
"20","萬華區","興德里"
"21","中山區","圓山里"
"22","中山區","圓山里"
"23","萬華區","忠貞里"
"24","萬華區","忠貞里"
"25","萬華區","忠貞里"
"26","南港區","玉成里"
"27","南港區","玉成里"
"28","中山區","圓山里"
"29","萬華區","興德里"
"30","萬華區","興德里"
"31","中山區","圓山里"
"32","士林區","福順里"
"33","士林區","福順里"
"34","南港區","成福里"
"35","南港區","玉成里"
"36","內湖區","大湖里"
"37","中山區","圓山里"
"38","士林區","福順里"
"39","士林區","福順里"
"40","中山區","圓山里"
"41","文山區","景行里"
"42","內湖區","大湖里"
"43","萬華區","興德里"
"44","萬華區","興德里"
"45","內湖區","大湖里"
"46","信義區","正和里"
"47","士林區","芝山里"
"48","大安區","建安里"
"49","士林區","天玉里"
"50","南港區","成福里"
"51","內湖區","金龍里"
"52","大安區","光武里"
"53","士林區","天祿里"
"54","中正區","網溪里"
"55","萬華區","忠德里"
"56","內湖區","清白里"
"57","中正區","文北里"
"58","松山區","東榮里"
"59","松山區","東榮里"
"60","信義區","正和里"
"61","士林區","天祿里"
"62","北投區","桃源里"
"63","內湖區","金湖里"
"64","士林區","天祿里"
"65","士林區","天祿里"
"66","信義區","泰和里"
"67","松山區","富錦里"
"68","松山區","東榮里"
"69","松山區","富錦里"
"70","士林區","天祿里"
"71","士林區","天祿里"
"72","士林區","天祿里"
"73","士林區","天祿里"
"74","萬華區","興德里"
"75","中山區","朱園里"
"76","松山區","復盛里"
"77","內湖區","港墘里"
"78","大安區","建安里"
"79","松山區","東榮里"
"80","大安區","建安里"
"81","大安區","建安里"
"82","內湖區","金湖里"
"83","內湖區","金湖里"
"84","萬華區","興德里"
"85","文山區","興得里"
"86","內湖區","金湖里"
"87","信義區","正和里"
"88","文山區","景行里"
"89","松山區","莊敬里"
"90","內湖區","金龍里"
"91","中山區","朱園里"
"92","內湖區","金湖里"
"93","南港區","聯成里"
"94","信義區","泰和里"
"95","文山區","景行里"
"96","文山區","景行里"
"97","士林區","天玉里"
"98","萬華區","興德里"
"99","中正區","文北里"
"100","中正區","文北里"
"101","士林區","天和里"
"102","內湖區","金湖里"
"103","內湖區","港墘里"
"104","信義區","正和里"
"105","內湖區","清白里"
"106","信義區","泰和里"
"107","松山區","東榮里"
"108","信義區","雅祥里"
"109","士林區","天和里"
"110","內湖區","西康里"
"111","中正區","網溪里"
"112","士林區","天祿里"
"113","士林區","福華里"
"114","士林區","福華里"
"115","內湖區","金龍里"
"116","中山區","朱園里"
"117","松山區","東榮里"
"118","松山區","東榮里"
"119","文山區","樟文里"
"120","南港區","聯成里"
"121","士林區","芝山里"
"122","士林區","芝山里"
"123","北投區","長安里"
"124","北投區","長安里"
"125","士林區","後港里"
"126","中山區","朱園里"
"127","內湖區","港墘里"
"128","大安區","建安里"
"129","松山區","東榮里"
"130","內湖區","港墘里"
"131","中正區","文北里"
"132","大安區","建安里"
"133","士林區","芝山里"
"134","士林區","芝山里"
"135","南港區","聯成里"
"136","萬華區","興德里"
"137","內湖區","清白里"
"138","內湖區","金龍里"
"139","士林區","葫東里"
"140","內湖區","港華里"
"141","內湖區","港華里"
"142","北投區","長安里"
"143","信義區","泰和里"
"144","松山區","東勢里"
"145","大同區","斯文里"
"146","士林區","天和里"
"147","松山區","富錦里"
"148","中正區","網溪里"
"149","北投區","長安里"
"150","內湖區","金龍里"
"151","內湖區","金龍里"
"152","松山區","東勢里"
"153","松山區","東勢里"
"154","中山區","朱園里"
"155","士林區","葫東里"
"156","士林區","葫東里"
"157","中山區","朱園里"
"158","內湖區","清白里"
"159","內湖區","清白里"
"160","南港區","聯成里"
"161","內湖區","港華里"
"162","士林區","後港里"
"163","松山區","東勢里"
"164","松山區","東勢里"
"165","松山區","莊敬里"
"166","大同區","斯文里"
"167","大同區","斯文里"
"168","士林區","芝山里"
"169","士林區","天玉里"
"170","士林區","天玉里"
"171","中正區","文北里"
"172","松山區","莊敬里"
"173","松山區","莊敬里"
"174","中正區","文北里"
"175","士林區","天和里"
"176","中正區","文北里"
"177","萬華區","福星里"
"178","大安區","義村里"
"179","士林區","天祿里"
"180",NA,NA
"181","南港區","玉成里"
"182","大安區","仁愛里"
"183","萬華區","和德里"
"184","北投區","裕民里"
"185","中山區","康樂里"
"186","士林區","永福里"
"187","內湖區","行善里"
"188","信義區","大道里"
"189","信義區","三張里"
"190","內湖區","金龍里"
"191","士林區","福林里"
"192","北投區","裕民里"
"193","士林區","天祿里"
"194","北投區","長安里"
"195","士林區","名山里"
"196","北投區","中央里"
"197","大同區","雙連里"
"198","文山區","興福里"
"199","內湖區","安泰里"
"200","南港區","九如里"
"201","南港區","玉成里"
"202","南港區","九如里"
"203","內湖區","東湖里"
"204","士林區","德華里"
"205","松山區","中崙里"
"206","士林區","聖山里"
"207","南港區","中研里"
"208","士林區","天玉里"
"209","士林區","忠誠里"
"210","信義區","永吉里"
"211","信義區","永吉里"
"212","內湖區","港華里"
"213","萬華區","富民里"
"214","北投區","林泉里"
"215","信義區","國業里"
"216","南港區","南港里"
"217","內湖區","五分里"
"218","萬華區","和德里"
"219","南港區","西新里"
"220","內湖區","安泰里"
"221","文山區","樟文里"
"222","文山區","樟新里"
"223","北投區","建民里"
"224","萬華區","萬壽里"
"225","內湖區","大湖里"
"226","內湖區","石潭里"
"227","文山區","興旺里"
"228","萬華區","錦德里"
"229","北投區","永欣里"
"230","北投區","永欣里"
"231","信義區","景聯里"
"232","中山區","江寧里"
"233","大同區","國順里"
"234","南港區","合成里"
"235","萬華區","頂碩里"
"236","萬華區","新安里"
"237","北投區","文林里"
"238","大同區","老師里"
"239","萬華區","榮德里"
"240","萬華區","菜園里"
"241","內湖區","西康里"
"242","北投區","大同里"
"243","大同區","永樂里"
"244","文山區","萬祥里"
"245","內湖區","秀湖里"
"246","信義區","五全里"
"247","萬華區","頂碩里"
"248","萬華區","頂碩里"
"249","大同區","雙連里"
"250","萬華區","新安里"
"251","北投區","中央里"
"252","中正區","文北里"
"253","大安區","龍淵里"
"254","中山區","大直里"
"255","北投區","智仁里"
"256","內湖區","湖濱里"
"257","內湖區","湖濱里"
"258","內湖區","湖濱里"
"259","大同區","星明里"
"260","萬華區","全德里"
"261","松山區","三民里"
"262","萬華區","日祥里"
"263","士林區","天福里"
"264","內湖區","港墘里"
"265","北投區","關渡里"
"266","士林區","蘭興里"
"267","萬華區","孝德里"
"268","萬華區","富民里"
"269","文山區","試院里"
"270","北投區","林泉里"
"271","松山區","慈祐里"
"272","中正區","河堤里"
"273","北投區","一德里"
"274","南港區","新富里"
"275","大安區","通化里"
"276","內湖區","樂康里"
"277","中山區","成功里"
"278","大同區","朝陽里"
"279","內湖區","金龍里"
"280","文山區","順興里"
"281","南港區","舊莊里"
"282","中山區","正義里"
"283","信義區","三犁里"
"284","文山區","政大里"
"285","中山區","中山里"
"286","松山區","中正里"
"287","大安區","正聲里"
"288","文山區","政大里"
"289","士林區","福志里"
"290","北投區","吉慶里"
"291","信義區","三張里"
"292","中正區","南福里"
"293","中正區","南福里"
"294","萬華區","青山里"
"295","中山區","行孝里"
"296","北投區","尊賢里"
"297","士林區","福志里"
"298","松山區","復勢里"
"299","大同區","鄰江里"
"300","士林區","承德里"
"301","北投區","立農里"
"302","中正區","網溪里"
"303","大安區","通化里"
"304","士林區","義信里"
"305","大安區","通化里"
"306","內湖區","瑞光里"
"307","南港區","東新里"
"308","士林區","天玉里"
"309","士林區","社新里"
"310","士林區","蘭興里"
"311","萬華區","柳鄉里"
"312","大安區","正聲里"
"313","萬華區","忠貞里"
"314","士林區","福志里"
"315","信義區","雅祥里"
"316","大安區","龍安里"
"317","士林區","蘭雅里"
"318","士林區","社子里"
"319","士林區","舊佳里"
"320","士林區","社子里"
"321","士林區","社子里"
"322","萬華區","青山里"
"323","中山區","康樂里"
"324","文山區","順興里"
"325","南港區","舊莊里"
"326","士林區","社子里"
"327","士林區","明勝里"
"328","士林區","天山里"
"329","內湖區","西康里"
"330","北投區","永和里"
"331","松山區","精忠里"
"332","士林區","蘭雅里"
"333","士林區","天玉里"
"334","大同區","重慶里"
"335","萬華區","新起里"
"336","內湖區","港富里"
"337","士林區","後港里"
"338","萬華區","西門里"
"339","北投區","關渡里"
"340","北投區","中央里"
"341","士林區","仁勇里"
"342","內湖區","石潭里"
"343","內湖區","石潭里"
"344","士林區","天母里"
"345","中正區","廈安里"
"346","大安區","龍生里"
"347","松山區","新東里"
"348","士林區","忠誠里"
"349","信義區","五全里"
"350","士林區","舊佳里"
"351","中正區","龍興里"
"352","南港區","東新里"
"353","北投區","榮華里"
"354","士林區","社新里"
"355","內湖區","瑞陽里"
"356","士林區","社子里"
"357","萬華區","和德里"
"358","內湖區","石潭里"
"359","萬華區","孝德里"
"360","萬華區","西門里"
"361","大安區","龍圖里"
"362","大安區","龍圖里"
"363","中山區","朱園里"
"364","北投區","吉慶里"
"365","北投區","智仁里"
"366","中山區","下埤里"
"367","中正區","文盛里"
"368","信義區","雙和里"
"369","中山區","恆安里"
"370","南港區","九如里"
"371","南港區","九如里"
"372","內湖區","碧山里"
"373","士林區","陽明里"
"374","北投區","泉源里"
"375","信義區","松友里"
"376","中正區","忠勤里"
"377","萬華區","新和里"
"378","士林區","福中里"
"379","北投區","智仁里"
"380","大安區","龍生里"
"381","信義區","大道里"
"382","內湖區","紫星里"
"383","北投區","裕民里"
"384","內湖區","瑞陽里"
"385","中山區","金泰里"
"386","內湖區","港華里"
"387","士林區","蘭雅里"
"388","中山區","中山里"
"389","內湖區","樂康里"
"390","中正區","林興里"
"391","內湖區","紫雲里"
"392","內湖區","紫雲里"
"393","內湖區","紫雲里"
"394","士林區","社子里"
"395","中山區","朱園里"
"396","中山區","朱園里"
"397","內湖區","碧山里"
"398","南港區","成福里"
"399","內湖區","港墘里"
"400","士林區","義信里"
"401","士林區","名山里"
"402","內湖區","五分里"
"403","大同區","重慶里"
"404","北投區","清江里"
"405","士林區","後港里"
"406","士林區","後港里"
"407","信義區","正和里"
"408","信義區","正和里"
"409","內湖區","港華里"
"410","大同區","鄰江里"
"411","士林區","芝山里"
"412","大同區","星明里"
"413","北投區","永和里"
"414","北投區","吉慶里"
"415","大安區","仁愛里"
"416","萬華區","孝德里"
"417","北投區","桃源里"
"418","內湖區","港墘里"
"419","士林區","臨溪里"
"420","北投區","文林里"
"421","北投區","溫泉里"
"422","北投區","福興里"
"423","士林區","福安里"
"424","松山區","莊敬里"
"425","內湖區","湖濱里"
"426","士林區","社園里"
"427","大安區","民輝里"
"428","中山區","下埤里"
"429","內湖區","康寧里"
"430","信義區","大仁里"
"431","北投區","裕民里"
"432","士林區","公館里"
"433","萬華區","綠堤里"
"434","內湖區","安泰里"
"435","萬華區","新忠里"
"436","中正區","網溪里"
"437","松山區","民福里"
"438","士林區","葫蘆里"
"439","文山區","興家里"
"440","北投區","石牌里"
"441","北投區","吉慶里"
"442","士林區","富光里"
"443","內湖區","湖濱里"
"444","內湖區","湖濱里"
"445","信義區","長春里"
"446","內湖區","寶湖里"
"447","松山區","吉祥里"
"448","松山區","美仁里"
"449","信義區","五常里"
"450","萬華區","和德里"
"451","大同區","星明里"
"452","大同區","星明里"
"453","萬華區","富民里"
"454","中山區","江寧里"
"455","萬華區","和德里"
"456","北投區","長安里"
"457","士林區","天玉里"
"458","北投區","中央里"
"459","大安區","龍淵里"
"460","中正區","忠勤里"
"461","松山區","美仁里"
"462","萬華區","和德里"
"463","士林區","社園里"
"464","信義區","三犁里"
"465","萬華區","和德里"
"466","北投區","吉慶里"
"467","內湖區","港富里"
"468","萬華區","頂碩里"
"469","北投區","中庸里"
"470","北投區","中心里"
"471","信義區","雙和里"
"472","中山區","朱園里"
"473","內湖區","康寧里"
"474","士林區","德行里"
"475","中正區","螢圃里"
"476","北投區","建民里"
"477","內湖區","港墘里"
"478","士林區","社子里"
"479","文山區","興豐里"
"480","萬華區","壽德里"
"481","北投區","榮光里"
"482","大安區","龍圖里"
"483","中山區","永安里"
"484","大安區","黎和里"
"485","士林區","明勝里"
"486","萬華區","新忠里"
"487","士林區","蘭雅里"
"488","中正區","光復里"
"489","萬華區","華中里"
"490","南港區","東新里"
"491","士林區","富洲里"
"492","南港區","新富里"
"493","北投區","吉利里"
"494","萬華區","孝德里"
"495","大安區","民輝里"
"496","內湖區","五分里"
"497","信義區","西村里"
"498","北投區","振華里"
"499","北投區","裕民里"
"500","萬華區","和德里"
"501","松山區","安平里"
"502","北投區","桃源里"
"503","北投區","泉源里"
"504","大安區","龍圖里"
"505","大同區","民權里"
"506","大安區","光明里"
"507","中正區","螢雪里"
"508","中正區","忠勤里"
"509","信義區","三張里"
"510","北投區","立農里"
"511","文山區","興泰里"
"512","大安區","錦泰里"
"513","松山區","復源里"
"514","北投區","智仁里"
"515","北投區","永和里"
"516","士林區","翠山里"
"517","萬華區","壽德里"
"518","萬華區","壽德里"
"519","大安區","古風里"
"520","大安區","通化里"
"521","萬華區","日祥里"
"522","中山區","恆安里"
"523","中山區","中庄里"
"524","萬華區","頂碩里"
"525","萬華區","頂碩里"
"526","北投區","福興里"
"527","萬華區","新忠里"
"528","內湖區","西康里"
"529","內湖區","西湖里"
"530","北投區","溫泉里"
"531","士林區","福華里"
"532","南港區","西新里"
"533","萬華區","新安里"
"534","大安區","昌隆里"
"535","中山區","聚盛里"
"536","萬華區","新安里"
"537","松山區","福成里"
"538","松山區","民福里"
"539","內湖區","紫雲里"
"540","內湖區","金湖里"
"541","信義區","三張里"
"542","大安區","通安里"
"543","信義區","黎忠里"
"544","內湖區","港富里"
"545","北投區","裕民里"
"546","內湖區","西湖里"
"547","信義區","安康里"
"548","南港區","三重里"
"549","萬華區","凌霄里"
"550","南港區","三重里"
"551","士林區","天母里"
"552","內湖區","紫星里"
"553","士林區","義信里"
"554","大同區","重慶里"
"555","中正區","螢雪里"
"556","內湖區","五分里"
"557","內湖區","五分里"
"558","內湖區","港墘里"
"559","南港區","中研里"
"560","萬華區","新安里"
"561","大安區","義安里"
"562","萬華區","新安里"
"563","士林區","舊佳里"
"564","北投區","吉慶里"
"565","信義區","西村里"
"566","士林區","前港里"
"567","大同區","隆和里"
"568","北投區","大同里"
"569","信義區","西村里"
"570","北投區","立農里"
"571","北投區","溫泉里"
"572","中正區","光復里"
"573","中山區","正得里"
"574","萬華區","富福里"
"575","松山區","松基里"
"576","士林區","社新里"
"577","士林區","蘭興里"
"578","大安區","通安里"
"579","萬華區","華中里"
"580","松山區","吉祥里"
"581","士林區","葫蘆里"
"582","南港區","新光里"
"583","南港區","新光里"
"584","中正區","幸市里"
"585","士林區","天和里"
"586","信義區","四育里"
"587","內湖區","安泰里"
"588","萬華區","興德里"
"589","大安區","仁慈里"
"590","內湖區","港墘里"
"591","內湖區","五分里"
"592","松山區","東光里"
"593","內湖區","紫星里"
"594","大安區","黎孝里"
"595","大安區","黎孝里"
"596","士林區","福安里"
"597","文山區","興業里"
"598","中山區","晴光里"
"599","中山區","晴光里"
"600","北投區","智仁里"
"601","萬華區","孝德里"
"602","大同區","景星里"
"603","中山區","大直里"
"604","萬華區","興德里"
"605","大安區","龍淵里"
"606","士林區","葫東里"
"607","士林區","福華里"
"608","北投區","東華里"
"609","中山區","新生里"
"610","中山區","新生里"
"611","大安區","龍淵里"
"612","北投區","立農里"
"613","萬華區","新安里"
"614","大安區","龍生里"
"615","中正區","頂東里"
"616","文山區","興得里"
"617","中山區","朱園里"
"618","萬華區","忠德里"
"619","北投區","立賢里"
"620","士林區","福佳里"
"621","士林區","岩山里"
"622","大同區","延平里"
"623","松山區","三民里"
"624","北投區","豐年里"
"625","大同區","延平里"
"626","北投區","林泉里"
"627","信義區","永春里"
"628","中山區","中原里"
"629","大同區","景星里"
"630","內湖區","五分里"
"631","北投區","長安里"
"632","內湖區","五分里"
"633","萬華區","和德里"
"634","內湖區","樂康里"
"635","松山區","東光里"
"636","萬華區","銘德里"
"637","萬華區","孝德里"
"638","北投區","清江里"
"639","中正區","忠勤里"
"640","信義區","中行里"
"641","中山區","大直里"
"642","內湖區","五分里"
"643","士林區","三玉里"
"644","中山區","江山里"
"645","中山區","江山里"
"646","中山區","朱馥里"
"647","內湖區","瑞光里"
"648","松山區","復盛里"
"649","文山區","興安里"
"650","南港區","新富里"
"651","北投區","東華里"
"652","內湖區","康寧里"
"653","文山區","萬和里"
"654","萬華區","青山里"
"655","大安區","龍生里"
"656","內湖區","碧山里"
"657","內湖區","碧山里"
"658","內湖區","碧山里"
"659","南港區","東新里"
"660","北投區","振華里"
"661","萬華區","新安里"
"662","文山區","政大里"
"663","萬華區","華江里"
"664","萬華區","福星里"
"665","松山區","民福里"
"666","南港區","新富里"
"667","中山區","新生里"
"668","中正區","富水里"
"669","萬華區","和德里"
"670","南港區","東新里"
"671","南港區","東新里"
"672","北投區","桃源里"
"673","松山區","龍田里"
"674","松山區","龍田里"
"675","士林區","天和里"
"676","中山區","正守里"
"677","文山區","景慶里"
"678","大安區","龍圖里"
"679","大安區","龍圖里"
"680","士林區","芝山里"
"681","北投區","關渡里"
"682","中山區","晴光里"
"683","內湖區","週美里"
"684","文山區","明義里"
"685","南港區","中研里"
"686","內湖區","樂康里"
"687","文山區","興旺里"
"688","松山區","富錦里"
"689","士林區","承德里"
"690","中山區","晴光里"
"691","大安區","通安里"
"692","大安區","義村里"
"693","內湖區","紫星里"
"694","士林區","社新里"
"695","南港區","鴻福里"
"696",NA,NA
"697","松山區","中華里"
"698","中山區","康樂里"
"699","北投區","裕民里"
"700","北投區","中庸里"
"701","松山區","慈祐里"
"702","士林區","承德里"
"703","士林區","德華里"
"704","士林區","天玉里"
"705","士林區","天玉里"
"706","中山區","朱園里"
"707","士林區","福中里"
"708","士林區","德華里"
"709","士林區","福佳里"
"710","內湖區","紫陽里"
"711","內湖區","西湖里"
"712","大同區","延平里"
"713","北投區","清江里"
"714","士林區","富洲里"
"715","大安區","敦煌里"
"716","文山區","華興里"
"717","信義區","三犁里"
"718","文山區","政大里"
"719","大同區","重慶里"
"720","大同區","斯文里"
"721","大同區","重慶里"
"722","大同區","斯文里"
"723","北投區","榮華里"
"724","士林區","天玉里"
"725","內湖區","清白里"
"726","文山區","樟文里"
"727","文山區","樟文里"
"728","文山區","萬和里"
"729","士林區","社園里"
"730","中山區","朱崙里"
"731","大同區","斯文里"
"732","大同區","蓬萊里"
"733","大同區","蓬萊里"
"734","中正區","南福里"
"735","士林區","福德里"
"736","士林區","福德里"
"737","南港區","合成里"
"738","文山區","興旺里"
"739","北投區","桃源里"
"740","北投區","桃源里"
"741","士林區","福志里"
"742","北投區","石牌里"
"743","北投區","石牌里"
"744","北投區","榮光里"
"745","文山區","興旺里"
"746","大同區","建泰里"
"747","北投區","福興里"
"748","北投區","開明里"
"749","士林區","福佳里"
"750","松山區","復勢里"
"751","北投區","裕民里"
"752","北投區","裕民里"
"753","松山區","安平里"
"754","松山區","安平里"
"755","士林區","福志里"
"756","士林區","公館里"
"757","中正區","梅花里"
"758","信義區","雙和里"
"759","士林區","富洲里"
"760","士林區","富洲里"
"761","文山區","興家里"
"762","萬華區","華中里"
"763","士林區","葫蘆里"
"764","松山區","民福里"
"765","大安區","群賢里"
"766","內湖區","瑞光里"
"767","士林區","葫蘆里"
"768","北投區","清江里"
"769","信義區","景聯里"
"770","南港區","東新里"
"771","大安區","華聲里"
"772","北投區","溫泉里"
"773","松山區","吉祥里"
"774","士林區","舊佳里"
"775","士林區","永倫里"
"776","北投區","桃源里"
"777","北投區","永和里"
"778","北投區","奇岩里"
"779","大安區","全安里"
"780","大安區","全安里"
"781","內湖區","西湖里"
"782","士林區","葫蘆里"
"783","南港區","舊莊里"
"784","南港區","舊莊里"
"785","士林區","芝山里"
"786","文山區","樟文里"
"787","文山區","樟文里"
"788","士林區","天和里"
"789","萬華區","和德里"
"790","文山區","興安里"
"791","文山區","興安里"
"792","萬華區","綠堤里"
"793","信義區","國業里"
"794","內湖區","港墘里"
"795","中正區","板溪里"
"796","中正區","板溪里"
"797","士林區","社子里"
"798","大同區","重慶里"
"799","大同區","蓬萊里"
"800","大同區","蓬萊里"
"801","士林區","社園里"
"802","松山區","介壽里"
"803","松山區","介壽里"
"804","文山區","興昌里"
"805","文山區","興昌里"
"806","中山區","康樂里"
"807","士林區","天祿里"
"808","文山區","興家里"
"809","北投區","桃源里"
"810","中正區","永功里"
"811","士林區","後港里"
"812","大安區","誠安里"
"813","大安區","誠安里"
"814","文山區","順興里"
"815","內湖區","港墘里"
"816","中山區","復華里"
"817","北投區","建民里"
"818","北投區","一德里"
"819","北投區","裕民里"
"820","文山區","興光里"
"821","萬華區","和平里"
"822","萬華區","和平里"
"823","中山區","正義里"
"824",NA,NA
"825","大同區","蓬萊里"
"826","松山區","安平里"
"827","松山區","新益里"
"828","松山區","新益里"
"829","信義區","五全里"
"830","大同區","延平里"
"831","大同區","延平里"
"832","士林區","翠山里"
"833","信義區","三張里"
"834","松山區","復源里"
"835","士林區","百齡里"
"836","大安區","敦煌里"
"837","士林區","社新里"
"838","北投區","中心里"
"839","士林區","新安里"
"840","士林區","福佳里"
"841","南港區","南港里"
"842","士林區","天壽里"
"843","士林區","天壽里"
"844","士林區","明勝里"
"845","信義區","黎平里"
"846","信義區","興雅里"
"847","大同區","重慶里"
"848","大同區","重慶里"
"849","大安區","義村里"
"850","大安區","義村里"
"851","士林區","永倫里"
"852","大安區","龍生里"
"853","文山區","樟文里"
"854","南港區","舊莊里"
"855","萬華區","銘德里"
"856","士林區","名山里"
"857","北投區","榮華里"
"858","中山區","新生里"
"859","中正區","廈安里"
"860","松山區","美仁里"
"861","士林區","前港里"
"862","北投區","榮華里"
"863","士林區","社園里"
"864","松山區","東光里"
"865","中正區","螢圃里"
"866","內湖區","石潭里"
"867","萬華區","新安里"
"868","大同區","南芳里"
"869","大同區","南芳里"
"870","萬華區","和德里"
"871","士林區","葫蘆里"
"872","文山區","興家里"
"873","松山區","新東里"
"874","中正區","文盛里"
"875","中正區","文盛里"
"876","文山區","博嘉里"
"877","文山區","博嘉里"
"878","中正區","林興里"
"879","萬華區","頂碩里"
"880","大安區","通化里"
"881","大安區","通化里"
"882","士林區","葫蘆里"
"883","士林區","福安里"
"884","中正區","永功里"
"885","大安區","光信里"
"886","士林區","三玉里"
"887","中山區","大直里"
"888","士林區","公館里"
"889","中正區","螢圃里"
"890","大同區","隆和里"
"891","大同區","隆和里"
"892","信義區","景新里"
"893","信義區","景新里"
"894","萬華區","萬壽里"
"895","北投區","八仙里"
"896","中山區","晴光里"
"897","北投區","八仙里"
"898","萬華區","華江里"
"899","大同區","雙連里"
"900","大安區","芳和里"
"901","松山區","慈祐里"
"902","大安區","仁愛里"
"903","萬華區","綠堤里"
"904","士林區","社子里"
"905","北投區","榮光里"
"906","士林區","福中里"
"907","中正區","螢圃里"
"908","內湖區","五分里"
"909","北投區","一德里"
"910","士林區","東山里"
"911","北投區","一德里"
"912","萬華區","新忠里"
"913","內湖區","石潭里"
"914","士林區","社新里"
"915","內湖區","石潭里"
"916","文山區","興邦里"
"917","文山區","興邦里"
"918","北投區","中心里"
"919","北投區","大同里"
"920","大同區","建明里"
"921","北投區","吉慶里"
"922","士林區","福中里"
"923","松山區","東光里"
"924","萬華區","壽德里"
"925","文山區","明義里"
"926","內湖區","安泰里"
"927","內湖區","湖元里"
"928","士林區","東山里"
"929","士林區","東山里"
"930","士林區","蘭雅里"
"931","士林區","名山里"
"932","中山區","朱馥里"
"933","文山區","興豐里"
"934","文山區","興豐里"
"935","中正區","梅花里"
"936","士林區","福順里"
"937","內湖區","樂康里"
"938","文山區","試院里"
"939","文山區","試院里"
"940","內湖區","東湖里"
"941","士林區","葫蘆里"
"942","中正區","新營里"
"943","大安區","全安里"
"944","士林區","明勝里"
"945","內湖區","行善里"
"946","信義區","黎忠里"
"947","內湖區","湖濱里"
"948","萬華區","西門里"
"949","士林區","永福里"
"950","士林區","舊佳里"
"951","士林區","芝山里"
"952","中山區","金泰里"
"953","中山區","金泰里"
"954","大同區","玉泉里"
"955","北投區","大同里"
"956","士林區","聖山里"
"957","士林區","聖山里"
"958","士林區","福安里"
"959","松山區","中正里"
"960","士林區","永倫里"
"961","士林區","聖山里"
"962","士林區","聖山里"
"963","萬華區","日祥里"
"964","南港區","中研里"
"965","大同區","永樂里"
"966","內湖區","紫雲里"
"967","北投區","一德里"
"968","中山區","朱馥里"
"969","萬華區","忠德里"
"970","士林區","明勝里"
"971","中山區","朱園里"
"972","士林區","福順里"
"973","士林區","社園里"
"974","內湖區","安湖里"
"975","大同區","雙連里"
"976","大同區","雙連里"
"977","文山區","萬祥里"
"978","士林區","福華里"
"979","內湖區","港華里"
"980","大同區","建功里"
"981","大同區","雙連里"
"982","信義區","中坡里"
"983","信義區","大道里"
"984","大同區","民權里"
"985","內湖區","西康里"
"986","內湖區","葫洲里"
"987","士林區","福志里"
"988","內湖區","紫星里"
"989","士林區","天玉里"
"990","士林區","忠誠里"
"991","士林區","忠誠里"
"992","大安區","仁愛里"
"993","中山區","聚盛里"
"994","中山區","朱園里"
"995","士林區","臨溪里"
"996","松山區","民有里"
"997","士林區","社新里"
"998","松山區","莊敬里"
"999","大安區","福住里"
"1000","士林區","富光里"
"1001","士林區","天玉里"
"1002","信義區","國業里"
"1003","北投區","清江里"
"1004","北投區","桃源里"
"1005","南港區","舊莊里"
"1006","內湖區","五分里"
"1007","內湖區","瑞光里"
"1008","大安區","臨江里"
"1009","大安區","龍門里"
"1010","大安區","臨江里"
"1011","萬華區","糖?里"
"1012","中正區","南福里"
"1013","中山區","中央里"
"1014","士林區","葫東里"
"1015","松山區","吉祥里"
"1016","松山區","吉祥里"
"1017","松山區","民福里"
"1018","士林區","名山里"
"1019","士林區","名山里"
"1020","士林區","福安里"
"1021","北投區","關渡里"
"1022","文山區","萬美里"
"1023","文山區","萬美里"
"1024","士林區","天福里"
"1025","北投區","吉利里"
"1026","中山區","康樂里"
"1027","內湖區","港華里"
"1028","中山區","新庄里"
"1029","文山區","興邦里"
"1030","中山區","下埤里"
"1031","大同區","斯文里"
"1032","大同區","斯文里"
"1033","士林區","福佳里"
"1034","松山區","新東里"
"1035","士林區","葫東里"
"1036","松山區","復盛里"
"1037","北投區","中和里"
"1038","士林區","福佳里"
"1039","士林區","福佳里"
"1040","文山區","明義里"
"1041","大同區","鄰江里"
"1042","大同區","鄰江里"
"1043","士林區","忠誠里"
"1044","中正區","富水里"
"1045","南港區","九如里"
"1046","信義區","永吉里"
"1047","信義區","永吉里"
"1048","中山區","新庄里"
"1049","中正區","頂東里"
"1050","內湖區","紫陽里"
"1051","萬華區","和德里"
"1052","內湖區","湖濱里"
"1053","大安區","龍淵里"
"1054","信義區","長春里"
"1055","中山區","新庄里"
"1056","北投區","吉慶里"
"1057","北投區","大同里"
"1058","中正區","頂東里"
"1059","中正區","網溪里"
"1060","士林區","天福里"
"1061","內湖區","樂康里"
"1062","北投區","長安里"
"1063","信義區","國業里"
"1064","大安區","全安里"
"1065","萬華區","新安里"
"1066","萬華區","保德里"
"1067","中正區","林興里"
"1068","大安區","龍淵里"
"1069","松山區","慈祐里"
"1070","中山區","復華里"
"1071","大安區","黎和里"
"1072","大安區","黎和里"
"1073","大同區","鄰江里"
"1074","北投區","清江里"
"1075","大安區","光武里"
"1076","北投區","清江里"
"1077","萬華區","和德里"
"1078","松山區","鵬程里"
"1079","中山區","行孝里"
"1080","北投區","立賢里"
"1081","松山區","民有里"
"1082","士林區","天玉里"
"1083","士林區","天玉里"
"1084","信義區","雙和里"
"1085","信義區","三犁里"
"1086","中山區","朱園里"
"1087","士林區","天山里"
"1088","士林區","天山里"
"1089","內湖區","港墘里"
"1090","士林區","社新里"
"1091","士林區","天福里"
"1092","大安區","黎和里"
"1093","北投區","中和里"
"1094","士林區","天福里"
"1095","士林區","社新里"
"1096","士林區","永倫里"
"1097","士林區","天福里"
"1098","中山區","康樂里"
"1099","中山區","康樂里"
"1100","中山區","朱園里"
"1101","大安區","大學里"
"1102","大安區","大學里"
"1103","大安區","龍圖里"
"1104","大安區","義村里"
"1105","中正區","梅花里"
"1106","松山區","慈祐里"
"1107","士林區","天祿里"
"1108","文山區","指南里"
"1109","大同區","大有里"
"1110","大安區","華聲里"
"1111","大同區","雙連里"
"1112","大同區","雙連里"
"1113","萬華區","和德里"
"1114","內湖區","葫洲里"
"1115","內湖區","葫洲里"
"1116","松山區","東光里"
"1117","中山區","中原里"
"1118","萬華區","華中里"
"1119","萬華區","和德里"
"1120","內湖區","安湖里"
"1121","信義區","三張里"
"1122","信義區","三張里"
"1123","文山區","樟新里"
"1124","信義區","雅祥里"
"1125","大安區","全安里"
"1126","南港區","南港里"
"1127","大安區","全安里"
"1128","大同區","星明里"
"1129","內湖區","金湖里"
"1130","內湖區","清白里"
"1131","文山區","樟新里"
"1132","文山區","樟新里"
"1133","信義區","西村里"
"1134","士林區","天祿里"
"1135","松山區","復盛里"
"1136","文山區","樟文里"
"1137","松山區","新東里"
"1138","北投區","永欣里"
"1139","士林區","前港里"
"1140","北投區","石牌里"
"1141","北投區","豐年里"
"1142","中山區","金泰里"
"1143","松山區","莊敬里"
"1144","士林區","天山里"
"1145","士林區","天山里"
"1146","內湖區","金湖里"
"1147","文山區","明義里"
"1148","北投區","洲美里"
"1149","松山區","龍田里"
"1150","松山區","龍田里"
"1151","中正區","新營里"
"1152","大同區","隆和里"
"1153","士林區","義信里"
"1154","內湖區","碧山里"
"1155","北投區","清江里"
"1156","大安區","龍圖里"
"1157","大同區","星明里"
"1158","大同區","星明里"
"1159","中正區","忠勤里"
"1160","萬華區","興德里"
"1161","士林區","前港里"
"1162","士林區","福華里"
"1163","士林區","後港里"
"1164","士林區","永倫里"
"1165","士林區","社園里"
"1166","松山區","美仁里"
"1167","中山區","興亞里"
"1168","文山區","樟新里"
"1169","內湖區","紫星里"
"1170","內湖區","瑞光里"
"1171","南港區","新富里"
"1172","士林區","蘭雅里"
"1173","松山區","安平里"
"1174","信義區","黎平里"
"1175","士林區","德行里"
"1176","內湖區","紫星里"
"1177","士林區","社新里"
"1178","北投區","文林里"
"1179","士林區","蘭興里"
"1180","萬華區","日祥里"
"1181","士林區","社子里"
"1182","北投區","中庸里"
"1183","內湖區","東湖里"
"1184","士林區","社子里"
"1185","文山區","興業里"
"1186","內湖區","碧山里"
"1187","中山區","恆安里"
"1188","文山區","明義里"
"1189","大安區","民炤里"
"1190","北投區","中心里"
"1191","內湖區","葫洲里"
"1192","萬華區","忠貞里"
"1193","內湖區","石潭里"
"1194","士林區","蘭雅里"
"1195","士林區","蘭雅里"
"1196","信義區","黎忠里"
"1197","內湖區","五分里"
"1198","大同區","保安里"
"1199","北投區","開明里"
"1200","北投區","開明里"
"1201","大同區","延平里"
"1202","大同區","延平里"
"1203","士林區","福華里"
"1204","士林區","福華里"
"1205","內湖區","金龍里"
"1206","內湖區","康寧里"
"1207","北投區","永和里"
"1208","松山區","慈祐里"
"1209","大安區","民炤里"
"1210","松山區","慈祐里"
"1211","萬華區","錦德里"
"1212","北投區","中和里"
"1213","士林區","福順里"
"1214","士林區","福順里"
"1215","士林區","永倫里"
"1216","南港區","東新里"
"1217","內湖區","五分里"
"1218","內湖區","港華里"
"1219","士林區","福中里"
"1220","萬華區","新安里"
"1221","松山區","福成里"
"1222","中正區","頂東里"
"1223","內湖區","金湖里"
"1224","內湖區","金湖里"
"1225","萬華區","新和里"
"1226","北投區","振華里"
"1227","中山區","新喜里"
"1228","士林區","社新里"
"1229","中正區","新營里"
"1230","內湖區","港墘里"
"1231","中山區","康樂里"
"1232","大安區","敦煌里"
"1233","信義區","松隆里"
"1234","內湖區","西湖里"
"1235","南港區","三重里"
"1236","南港區","三重里"
"1237","內湖區","樂康里"
"1238","大安區","黎元里"
"1239","士林區","富光里"
"1240","士林區","葫蘆里"
"1241","大同區","國慶里"
"1242","大同區","國慶里"
"1243","萬華區","華江里"
"1244","北投區","林泉里"
"1245","北投區","文林里"
"1246","北投區","榮華里"
"1247","中山區","朱園里"
"1248","內湖區","五分里"
"1249","士林區","天祿里"
"1250","內湖區","五分里"
"1251","內湖區","金龍里"
"1252","北投區","稻香里"
"1253","內湖區","五分里"
"1254","文山區","明義里"
"1255","內湖區","五分里"
"1256","士林區","芝山里"
"1257","北投區","永欣里"
"1258","中山區","大直里"
"1259","士林區","福佳里"
"1260","中正區","林興里"
"1261","大安區","義安里"
"1262","士林區","福安里"
"1263","大安區","仁愛里"
"1264","大安區","義安里"
"1265","文山區","興業里"
"1266","士林區","蘭興里"
"1267","信義區","黎忠里"
"1268","內湖區","清白里"
"1269","信義區","西村里"
"1270","士林區","舊佳里"
"1271","信義區","黎忠里"
"1272","北投區","吉慶里"
"1273","內湖區","湖濱里"
"1274","內湖區","湖濱里"
"1275","內湖區","港華里"
"1276","松山區","民福里"
"1277","大安區","通安里"
"1278","中山區","中庄里"
"1279","中正區","忠勤里"
"1280","北投區","大同里"
"1281","北投區","大同里"
"1282","大安區","黎和里"
"1283","大安區","黎和里"
"1284","中山區","中原里"
"1285","萬華區","華中里"
"1286","內湖區","五分里"
"1287","士林區","承德里"
"1288","文山區","明興里"
"1289","大同區","至聖里"
"1290","大同區","至聖里"
"1291","內湖區","石潭里"
"1292","士林區","岩山里"
"1293","內湖區","石潭里"
"1294","內湖區","瑞陽里"
"1295","內湖區","瑞陽里"
"1296","中正區","河堤里"
"1297","中正區","河堤里"
"1298","大同區","永樂里"
"1299","信義區","五常里"
"1300","文山區","萬祥里"
"1301","南港區","東新里"
"1302","內湖區","港華里"
"1303","大同區","玉泉里"
"1304","松山區","自強里"
"1305","士林區","福中里"
"1306","士林區","福林里"
"1307","萬華區","頂碩里"
"1308","士林區","天和里"
"1309","北投區","振華里"
"1310","松山區","中正里"
"1311","北投區","東華里"
"1312","內湖區","安泰里"
"1313","萬華區","仁德里"
"1314","松山區","鵬程里"
"1315","北投區","開明里"
"1316","北投區","奇岩里"
"1317","大同區","建泰里"
"1318","中山區","晴光里"
"1319","內湖區","港墘里"
"1320","文山區","樟新里"
"1321","士林區","永倫里"
"1322","大安區","仁慈里"
"1323","大安區","仁慈里"
"1324","南港區","東新里"
"1325","內湖區","五分里"
"1326","北投區","裕民里"
"1327","松山區","民有里"
"1328","內湖區","紫雲里"
"1329","內湖區","紫雲里"
"1330","大同區","延平里"
"1331","北投區","中央里"
"1332","文山區","興業里"
"1333","萬華區","和德里"
"1334","中山區","晴光里"
"1335","文山區","興得里"
"1336","松山區","慈祐里"
"1337","內湖區","港墘里"
"1338","大同區","重慶里"
"1339","中山區","正得里"
"1340","中山區","正得里"
"1341","中正區","廈安里"
"1342","松山區","三民里"
"1343","北投區","奇岩里"
"1344","中正區","忠勤里"
"1345","北投區","榮光里"
"1346","中正區","富水里"
"1347","士林區","後港里"
"1348","萬華區","全德里"
"1349","內湖區","金湖里"
"1350","中山區","集英里"
"1351","士林區","永倫里"
"1352","中山區","大直里"
"1353","北投區","關渡里"
"1354","士林區","永倫里"
"1355","大安區","古莊里"
"1356","北投區","清江里"
"1357","北投區","清江里"
"1358","萬華區","富福里"
"1359","萬華區","錦德里"
"1360","士林區","天玉里"
"1361","士林區","天玉里"
"1362","大安區","群賢里"
"1363","中正區","忠勤里"
"1364","大同區","重慶里"
"1365","松山區","敦化里"
"1366","士林區","仁勇里"
"1367","中山區","正得里"
"1368","北投區","智仁里"
"1369","中山區","新生里"
"1370","文山區","明義里"
"1371","內湖區","港墘里"
"1372","北投區","榮華里"
"1373","內湖區","東湖里"
"1374","內湖區","東湖里"
"1375","中正區","建國里"
"1376","內湖區","五分里"
"1377","文山區","老泉里"
"1378","士林區","福志里"
"1379","士林區","德華里"
"1380","南港區","南港里"
"1381","中正區","忠勤里"
"1382","內湖區","金龍里"
"1383","大同區","鄰江里"
"1384","北投區","榮華里"
"1385","北投區","榮華里"
"1386","士林區","天福里"
"1387","士林區","社子里"
"1388","北投區","永和里"
"1389","士林區","仁勇里"
"1390","中山區","民安里"
"1391","士林區","葫蘆里"
"1392","松山區","新聚里"
"1393","內湖區","麗山里"
"1394","萬華區","和德里"
"1395","文山區","興邦里"
"1396","北投區","大同里"
"1397","萬華區","壽德里"
"1398","內湖區","樂康里"
"1399","內湖區","港墘里"
"1400","北投區","豐年里"
"1401","文山區","興邦里"
"1402","中山區","中吉里"
"1403","大同區","延平里"
"1404","內湖區","五分里"
"1405","內湖區","五分里"
"1406","內湖區","五分里"
"1407","內湖區","五分里"
"1408","信義區","黎忠里"
"1409","士林區","天福里"
"1410","士林區","社新里"
"1411","文山區","興安里"
"1412","北投區","清江里"
"1413","文山區","樟新里"
"1414","北投區","一德里"
"1415","文山區","興邦里"
"1416","文山區","興邦里"
"1417","萬華區","雙園里"
"1418","北投區","奇岩里"
"1419","松山區","莊敬里"
"1420","北投區","中央里"
"1421","士林區","天母里"
"1422","萬華區","孝德里"
"1423","松山區","吉祥里"
"1424","北投區","清江里"
"1425","文山區","試院里"
"1426","士林區","百齡里"
"1427","萬華區","孝德里"
"1428","信義區","景新里"
"1429","北投區","中央里"
"1430","大安區","黎元里"
"1431","文山區","景慶里"
"1432","內湖區","樂康里"
"1433","文山區","博嘉里"
"1434","松山區","慈祐里"
"1435","松山區","慈祐里"
"1436","松山區","富錦里"
"1437","中正區","林興里"
"1438","中山區","新庄里"
"1439","松山區","龍田里"
"1440","松山區","吉祥里"
"1441","內湖區","安湖里"
"1442","內湖區","紫陽里"
"1443","內湖區","安湖里"
"1444","中山區","江山里"
"1445","士林區","天壽里"
"1446","中正區","忠勤里"
"1447","內湖區","安湖里"
"1448","南港區","新富里"
"1449","士林區","前港里"
"1450","士林區","福華里"
"1451","大安區","德安里"
"1452","大安區","德安里"
"1453","內湖區","東湖里"
"1454","南港區","新富里"
"1455","北投區","中心里"
"1456","北投區","榮光里"
"1457","文山區","萬隆里"
"1458","文山區","萬隆里"
"1459","萬華區","萬壽里"
"1460","北投區","稻香里"
"1461","萬華區","錦德里"
"1462","士林區","天和里"
"1463","北投區","吉慶里"
"1464","松山區","富錦里"
"1465","大安區","龍生里"
"1466","大同區","延平里"
"1467","大同區","延平里"
"1468","北投區","桃源里"
"1469","萬華區","錦德里"
"1470","大同區","蓬萊里"
"1471","士林區","福順里"
"1472","大安區","龍生里"
"1473","中正區","廈安里"
"1474","松山區","中崙里"
"1475","內湖區","湖興里"
"1476","中正區","河堤里"
"1477","內湖區","碧山里"
"1478","文山區","華興里"
"1479","士林區","天壽里"
"1480","萬華區","富福里"
"1481","士林區","福佳里"
"1482","士林區","蘭興里"
"1483","中山區","中原里"
"1484","北投區","中心里"
"1485","中山區","中原里"
"1486","文山區","政大里"
"1487","文山區","樟新里"
"1488","南港區","新富里"
"1489","北投區","榮光里"
"1490","北投區","中庸里"
"1491","士林區","福安里"
"1492","士林區","福安里"
"1493","中山區","新喜里"
"1494","南港區","新富里"
"1495","大同區","老師里"
"1496","萬華區","壽德里"
"1497","萬華區","壽德里"
"1498","萬華區","壽德里"
"1499","南港區","東新里"
"1500","南港區","東新里"
"1501","中山區","新庄里"
"1502","士林區","後港里"
"1503","北投區","桃源里"
"1504","北投區","關渡里"
"1505","士林區","天玉里"
"1506","大安區","德安里"
"1507","北投區","永和里"
"1508","信義區","五全里"
"1509","大安區","德安里"
"1510","北投區","中心里"
"1511","內湖區","港墘里"
"1512","大安區","德安里"
"1513","內湖區","港墘里"
"1514","北投區","溫泉里"
"1515","中山區","晴光里"
"1516","文山區","景慶里"
"1517","北投區","文化里"
"1518","北投區","稻香里"
"1519","北投區","永欣里"
"1520","萬華區","新忠里"
"1521","信義區","黎平里"
"1522","大同區","隆和里"
"1523","萬華區","華江里"
"1524","內湖區","東湖里"
"1525","內湖區","石潭里"
"1526","內湖區","港富里"
"1527","內湖區","港富里"
"1528","中山區","朱園里"
"1529","北投區","榮光里"
"1530","萬華區","福音里"
"1531","士林區","社新里"
"1532","文山區","明興里"
"1533","士林區","福中里"
"1534","大同區","老師里"
"1535","內湖區","金瑞里"
"1536","士林區","天和里"
"1537","北投區","裕民里"
"1538","萬華區","福星里"
"1539","內湖區","樂康里"
"1540","內湖區","金湖里"
"1541","大安區","義村里"
"1542","內湖區","金湖里"
"1543","士林區","永倫里"
"1544","內湖區","金湖里"
"1545","北投區","智仁里"
"1546","中正區","愛國里"
"1547","文山區","興福里"
"1548","文山區","興福里"
"1549","士林區","富光里"
"1550","士林區","福中里"
"1551","松山區","吉仁里"
"1552","內湖區","瑞光里"
"1553","內湖區","葫洲里"
"1554","信義區","五全里"
"1555","北投區","桃源里"
"1556","內湖區","港墘里"
"1557","北投區","振華里"
"1558","士林區","新安里"
"1559","文山區","順興里"
"1560","士林區","永倫里"
"1561","內湖區","安湖里"
"1562","大同區","保安里"
"1563","信義區","六合里"
"1564","信義區","六合里"
"1565","大同區","重慶里"
"1566","士林區","天壽里"
"1567","中山區","行孝里"
"1568","萬華區","新和里"
"1569","士林區","福安里"
"1570","士林區","天祿里"
"1571","士林區","天和里"
"1572","萬華區","頂碩里"
"1573","士林區","福華里"
"1574","士林區","福華里"
"1575","萬華區","全德里"
"1576","萬華區","全德里"
"1577","萬華區","新安里"
"1578","中山區","劍潭里"
"1579","士林區","天和里"
"1580","內湖區","金湖里"
"1581","北投區","桃源里"
"1582","內湖區","西湖里"
"1583","士林區","福林里"
"1584","士林區","翠山里"
"1585","士林區","芝山里"
"1586","萬華區","福星里"
"1587","南港區","合成里"
"1588","北投區","中心里"
"1589","文山區","華興里"
"1590","南港區","合成里"
"1591","中山區","永安里"
"1592","信義區","松友里"
"1593","大同區","雙連里"
"1594","萬華區","新起里"
"1595","南港區","百福里"
"1596","南港區","成福里"
"1597","文山區","景東里"
"1598","松山區","東光里"
"1599","中正區","板溪里"
"1600","內湖區","湖濱里"
"1601","大同區","永樂里"
"1602","內湖區","安湖里"
"1603","北投區","林泉里"
"1604","大同區","斯文里"
"1605","信義區","松友里"
"1606","信義區","中行里"
"1607","信義區","黎順里"
"1608","內湖區","碧山里"
"1609","文山區","明興里"
"1610","信義區","敦厚里"
"1611","松山區","鵬程里"
"1612","中正區","忠勤里"
"1613",NA,NA
"1614","文山區","萬隆里"
"1615","萬華區","福星里"
"1616","松山區","莊敬里"
"1617","內湖區","紫陽里"
"1618","大安區","通化里"
"1619","文山區","興家里"
"1620","內湖區","西康里"
"1621","萬華區","和德里"
"1622","大安區","通化里"
"1623","萬華區","孝德里"
"1624","內湖區","金湖里"
"1625","士林區","舊佳里"
"1626","文山區","指南里"
"1627","中山區","朱崙里"
"1628","中山區","中庄里"
"1629","信義區","泰和里"
"1630","信義區","三張里"
"1631","信義區","廣居里"
"1632","南港區","南港里"
"1633","文山區","興福里"
"1634","文山區","樟文里"
"1635","中山區","北安里"
"1636","大同區","星明里"
"1637","大安區","龍陣里"
"1638","大安區","龍陣里"
"1639","信義區","中行里"
"1640","萬華區","萬壽里"
"1641","萬華區","福音里"
"1642","內湖區","樂康里"
"1643","南港區","東新里"
"1644","文山區","萬芳里"
"1645","萬華區","萬壽里"
"1646","大安區","敦煌里"
"1647","信義區","廣居里"
"1648","大安區","和安里"
"1649","中正區","螢雪里"
"1650","文山區","興光里"
"1651","文山區","明義里"
"1652","大安區","建安里"
"1653","萬華區","福星里"
"1654","松山區","安平里"
"1655","文山區","明興里"
"1656","北投區","一德里"
"1657","內湖區","金龍里"
"1658","松山區","安平里"
"1659","士林區","富光里"
"1660","北投區","立農里"
"1661","松山區","民有里"
"1662","文山區","萬興里"
"1663","文山區","興福里"
"1664","北投區","振華里"
"1665","中山區","松江里"
"1666","北投區","榮華里"
"1667","大同區","星明里"
"1668","士林區","芝山里"
"1669","萬華區","頂碩里"
"1670","萬華區","孝德里"
"1671","北投區","永欣里"
"1672","中正區","河堤里"
"1673","大安區","車層里"
"1674","信義區","景聯里"
"1675","萬華區","錦德里"
"1676","松山區","民有里"
"1677","北投區","溫泉里"
"1678","中正區","南福里"
"1679",NA,NA
"1680","萬華區","新和里"
"1681","內湖區","金龍里"
"1682","內湖區","湖興里"
"1683","內湖區","湖興里"
"1684","內湖區","大湖里"
"1685","內湖區","南湖里"
"1686","內湖區","內湖里"
"1687","內湖區","港富里"
"1688","中山區","江寧里"
"1689","士林區","三玉里"
"1690","大同區","永樂里"
"1691","萬華區","和德里"
"1692","內湖區","紫陽里"
"1693","萬華區","新忠里"
"1694","萬華區","和德里"
"1695","大安區","仁愛里"
"1696","文山區","萬芳里"
"1697","北投區","桃源里"
"1698","南港區","西新里"
"1699","文山區","樟腳里"
"1700","北投區","稻香里"
"1701","中正區","南福里"
"1702","北投區","永明里"
"1703","信義區","松友里"
"1704","中正區","龍福里"
"1705","松山區","富泰里"
"1706","萬華區","和平里"
"1707","大同區","隆和里"
"1708","北投區","大同里"
"1709","士林區","富洲里"
"1710","大同區","建功里"
"1711","萬華區","萬壽里"
"1712","內湖區","安湖里"
"1713","南港區","成福里"
"1714","南港區","百福里"
"1715","文山區","樟林里"
"1716","大安區","龍陣里"
"1717","萬華區","日善里"
"1718","大同區","建明里"
"1719","信義區","興雅里"
"1720","南港區","玉成里"
"1721","士林區","芝山里"
"1722","信義區","廣居里"
"1723","士林區","福順里"
"1724","信義區","景新里"
"1725","信義區","五常里"
"1726","文山區","試院里"
"1727","松山區","三民里"
"1728","北投區","豐年里"
"1729","文山區","興昌里"
"1730","松山區","復盛里"
"1731","南港區","中研里"
"1732","士林區","天玉里"
"1733","中正區","建國里"
"1734","文山區","明興里"
"1735","松山區","莊敬里"
"1736","松山區","復勢里"
"1737","信義區","雙和里"
"1738","萬華區","榮德里"
"1739","南港區","百福里"
"1740","文山區","試院里"
"1741","士林區","永倫里"
"1742","南港區","舊莊里"
"1743","萬華區","忠貞里"
"1744","士林區","福志里"
"1745","士林區","福華里"
"1746","松山區","龍田里"
"1747","萬華區","華中里"
"1748","內湖區","湖興里"
"1749","南港區","成福里"
"1750","萬華區","華江里"
"1751","萬華區","和德里"
"1752","南港區","三重里"
"1753","大同區","延平里"
"1754","內湖區","西康里"
"1755","萬華區","日善里"
"1756","士林區","公館里"
"1757","士林區","三玉里"
"1758","北投區","長安里"
"1759","中正區","光復里"
"1760","萬華區","忠貞里"
"1761","大安區","群賢里"
"1762","文山區","萬和里"
"1763","士林區","福順里"
"1764","文山區","萬芳里"
"1765","大安區","龍陣里"
"1766","大同區","至聖里"
"1767","中山區","興亞里"
"1768","萬華區","華江里"
"1769","信義區","敦厚里"
"1770","信義區","三犁里"
"1771","中山區","下埤里"
"1772","北投區","溫泉里"
"1773","中正區","幸市里"
"1774","信義區","景新里"
"1775","中正區","螢雪里"
"1776","信義區","三犁里"
"1777","內湖區","碧山里"
"1778","北投區","永明里"
"1779","內湖區","清白里"
"1780","萬華區","和平里"
"1781","士林區","三玉里"
"1782","大安區","民輝里"
"1783","萬華區","糖?里"
"1784","文山區","樟樹里"
"1785","文山區","萬盛里"
"1786","內湖區","安泰里"
"1787","文山區","興邦里"
"1788","士林區","臨溪里"
"1789","士林區","臨溪里"
"1790","士林區","天福里"
"1791","大安區","正聲里"
"1792","信義區","西村里"
"1793","中山區","興亞里"
"1794","萬華區","華江里"
"1795","文山區","景慶里"
"1796","信義區","五全里"
"1797","萬華區","日祥里"
"1798","松山區","復盛里"
"1799","萬華區","忠貞里"
"1800","萬華區","全德里"
"1801","大安區","仁愛里"
"1802","文山區","明義里"
"1803","大同區","玉泉里"
"1804","中山區","中山里"
"1805","松山區","自強里"
"1806","內湖區","金龍里"
"1807","士林區","忠誠里"
"1808","中正區","文祥里"
"1809","大安區","龍生里"
"1810","文山區","試院里"
"1811","士林區","社新里"
"1812","士林區","社新里"
"1813","北投區","大同里"
"1814","士林區","明勝里"
"1815","南港區","成福里"
"1816","南港區","百福里"
"1817","文山區","興業里"
"1818","萬華區","菜園里"
"1819","中正區","螢雪里"
"1820","萬華區","孝德里"
"1821","大安區","龍陣里"
"1822","文山區","萬有里"
"1823","南港區","玉成里"
"1824","信義區","五常里"
"1825","文山區","興家里"
"1826","信義區","黎安里"
"1827","大安區","義安里"
"1828","萬華區","青山里"
"1829","文山區","明義里"
"1830","文山區","興業里"
"1831","內湖區","金龍里"
"1832","中山區","中央里"
"1833","北投區","清江里"
"1834","大安區","黎元里"
"1835","信義區","敦厚里"
"1836","信義區","敦厚里"
"1837","北投區","長安里"
"1838","松山區","龍田里"
"1839","士林區","天母里"
"1840","萬華區","福星里"
"1841","南港區","重陽里"
"1842","中正區","螢雪里"
"1843","萬華區","日善里"
"1844","信義區","松光里"
"1845","內湖區","港墘里"
"1846","內湖區","西湖里"
"1847","中山區","劍潭里"
"1848","北投區","文林里"
"1849","中山區","金泰里"
"1850","萬華區","雙園里"
"1851","中山區","行孝里"
"1852","士林區","天玉里"
"1853","南港區","九如里"
"1854","文山區","興邦里"
"1855","士林區","永倫里"
"1856","中山區","康樂里"
"1857","萬華區","頂碩里"
"1858","萬華區","青山里"
"1859","信義區","泰和里"
"1860","信義區","大仁里"
"1861","大同區","老師里"
"1862","中正區","文祥里"
"1863","萬華區","富福里"
"1864",NA,NA
"1865","士林區","聖山里"
"1866","信義區","泰和里"
"1867","中正區","忠勤里"
"1868","中正區","忠勤里"
"1869","松山區","復建里"
"1870","北投區","奇岩里"
"1871","內湖區","金湖里"
"1872","萬華區","富福里"
"1873","萬華區","新起里"
"1874","文山區","興泰里"
"1875","萬華區","全德里"
"1876","南港區","鴻福里"
"1877","信義區","大仁里"
"1878","信義區","黎平里"
"1879","信義區","富台里"
"1880","文山區","樟林里"
"1881","北投區","一德里"
"1882","萬華區","綠堤里"
"1883","內湖區","港華里"
"1884","中山區","行孝里"
"1885","中正區","南福里"
"1886","文山區","忠順里"
"1887","大安區","法治里"
"1888","信義區","雅祥里"
"1889","北投區","中心里"
"1890","南港區","三重里"
"1891","北投區","中央里"
"1892","文山區","興業里"
"1893","內湖區","週美里"
"1894","大安區","民炤里"
"1895","文山區","樟新里"
"1896","文山區","興豐里"
"1897","內湖區","東湖里"
"1898","北投區","中心里"
"1899","大安區","誠安里"
"1900","萬華區","菜園里"
"1901","文山區","興福里"
"1902","文山區","政大里"
"1903","大安區","龍雲里"
"1904","萬華區","忠德里"
"1905","士林區","天和里"
"1906","南港區","成福里"
"1907","大安區","龍淵里"
"1908","萬華區","日善里"
"1909","中正區","螢圃里"
"1910","萬華區","和德里"
"1911","松山區","吉仁里"
"1912","大安區","通安里"
"1913","北投區","大同里"
"1914","文山區","華興里"
"1915","萬華區","興德里"
"1916","內湖區","內湖里"
"1917","信義區","三張里"
"1918","文山區","興家里"
"1919","南港區","合成里"
"1920","文山區","萬祥里"
"1921","內湖區","港墘里"
"1922","士林區","天和里"
"1923","信義區","雙和里"
"1924","松山區","安平里"
"1925","信義區","景新里"
"1926","萬華區","雙園里"
"1927","大安區","通化里"
"1928","中山區","中山里"
"1929","中山區","朱馥里"
"1930","信義區","雅祥里"
"1931","大安區","建安里"
"1932","大安區","建倫里"
"1933","北投區","榮光里"
"1934","大安區","群賢里"
"1935","中山區","劍潭里"
"1936","內湖區","寶湖里"
"1937","北投區","中庸里"
"1938","萬華區","富福里"
"1939","內湖區","五分里"
"1940","內湖區","五分里"
"1941","文山區","木新里"
"1942","士林區","名山里"
"1943","中正區","龍福里"
"1944","士林區","天壽里"
"1945","萬華區","富福里"
"1946","大同區","至聖里"
"1947","北投區","尊賢里"
"1948","士林區","芝山里"
"1949","內湖區","金龍里"
"1950","萬華區","富民里"
"1951","文山區","萬隆里"
"1952","士林區","葫蘆里"
"1953","松山區","東昌里"
"1954","文山區","景華里"
"1955","士林區","天壽里"
"1956","內湖區","麗山里"
"1957","松山區","吉仁里"
"1958","萬華區","日祥里"
"1959","文山區","木柵里"
"1960","中正區","永昌里"
"1961","文山區","明義里"
"1962","信義區","三犁里"
"1963","士林區","名山里"
"1964","內湖區","五分里"
"1965","北投區","關渡里"
"1966","萬華區","全德里"
"1967","士林區","芝山里"
"1968","信義區","景聯里"
"1969","士林區","福安里"
"1970","南港區","中南里"
"1971","信義區","泰和里"
"1972","信義區","泰和里"
"1973","南港區","東新里"
"1974","信義區","黎平里"
"1975","中正區","永功里"
"1976","萬華區","柳鄉里"
"1977","北投區","榮華里"
"1978","北投區","榮華里"
"1979","南港區","百福里"
"1980","信義區","大仁里"
"1981","信義區","興雅里"
"1982","內湖區","安泰里"
"1983","信義區","六合里"
"1984","中山區","中原里"
"1985","內湖區","康寧里"
"1986","中正區","忠勤里"
"1987","北投區","裕民里"
"1988","士林區","岩山里"
"1989","北投區","桃源里"
"1990","文山區","景慶里"
"1991","大安區","龍門里"
"1992","中山區","行仁里"
"1993","北投區","智仁里"
"1994","大安區","群賢里"
"1995","文山區","忠順里"
"1996","文山區","忠順里"
"1997","內湖區","五分里"
"1998","萬華區","孝德里"
"1999","士林區","忠誠里"
"2000","大安區","黎和里"
"2001","南港區","重陽里"
"2002","信義區","黎順里"
"2003","文山區","順興里"
"2004","內湖區","五分里"
"2005","士林區","天壽里"
"2006","南港區","舊莊里"
"2007","內湖區","港富里"
"2008","中山區","集英里"
"2009","萬華區","和平里"
"2010","松山區","慈祐里"
"2011","士林區","福林里"
"2012","萬華區","富民里"
"2013","中山區","集英里"
"2014","大安區","龍陣里"
"2015","松山區","介壽里"
"2016","中山區","正守里"
"2017","中山區","聚葉里"
"2018","內湖區","康寧里"
"2019","北投區","關渡里"
"2020","中山區","圓山里"
"2021","士林區","名山里"
"2022","萬華區","壽德里"
"2023","中正區","廈安里"
"2024","信義區","松友里"
"2025","松山區","復盛里"
"2026","中正區","廈安里"
"2027","南港區","南港里"
"2028","北投區","中心里"
"2029","內湖區","瑞陽里"
"2030","士林區","社園里"
"2031","文山區","萬芳里"
"2032","內湖區","港富里"
"2033","士林區","聖山里"
"2034","大同區","光能里"
"2035","北投區","文化里"
"2036","內湖區","湖興里"
"2037","信義區","廣居里"
"2038","內湖區","西康里"
"2039","大安區","住安里"
"2040","中山區","正守里"
"2041","中山區","朱園里"
"2042","南港區","合成里"
"2043","松山區","民福里"
"2044","中正區","龍福里"
"2045","內湖區","內溝里"
"2046","南港區","合成里"
"2047","內湖區","西湖里"
"2048","士林區","福志里"
"2049","內湖區","湖興里"
"2050","北投區","立農里"
"2051","松山區","民福里"
"2052","中正區","永功里"
"2053","北投區","永和里"
"2054","信義區","景勤里"
"2055","文山區","興福里"
"2056","中山區","下埤里"
"2057","南港區","合成里"
"2058","北投區","豐年里"
"2059","南港區","成福里"
"2060","士林區","永倫里"
"2061","文山區","興泰里"
"2062","士林區","福志里"
"2063","內湖區","湖元里"
"2064","萬華區","頂碩里"
"2065","文山區","興得里"
"2066","大安區","龍坡里"
"2067","信義區","敦厚里"
"2068","大安區","臨江里"
"2069","文山區","忠順里"
"2070","內湖區","紫陽里"
"2071","中正區","忠勤里"
"2072","松山區","美仁里"
"2073","中山區","晴光里"
"2074","內湖區","寶湖里"
"2075","內湖區","港富里"
"2076","南港區","新光里"
"2077","內湖區","石潭里"
"2078","信義區","泰和里"
"2079","信義區","中興里"
"2080","松山區","新東里"
"2081","南港區","西新里"
"2082","萬華區","頂碩里"
"2083","大同區","星明里"
"2084","大同區","朝陽里"
"2085","大安區","龍生里"
"2086","中山區","民安里"
"2087","內湖區","寶湖里"
"2088","大安區","通化里"
"2089","信義區","黎平里"
"2090","大同區","民權里"
"2091","大安區","通化里"
"2092","松山區","莊敬里"
"2093","松山區","東光里"
"2094","中山區","江寧里"
"2095","信義區","景聯里"
"2096","中山區","行仁里"
"2097","文山區","萬興里"
"2098","大安區","新龍里"
"2099","中山區","中山里"
"2100","中山區","中山里"
"2101","中山區","正義里"
"2102","內湖區","西湖里"
"2103","大安區","和安里"
"2104","信義區","六合里"
"2105","信義區","三張里"
"2106","萬華區","頂碩里"
"2107","中山區","永安里"
"2108","松山區","東光里"
"2109","中山區","中央里"
"2110","內湖區","湖興里"
"2111","中正區","忠勤里"
"2112","文山區","景華里"
"2113","松山區","民有里"
"2114","大同區","朝陽里"
"2115","大安區","誠安里"
"2116","內湖區","港都里"
"2117","南港區","仁福里"
"2118","北投區","永明里"
"2119","萬華區","綠堤里"
"2120","士林區","永倫里"
"2121","松山區","精忠里"
"2122","大安區","仁愛里"
"2123","北投區","智仁里"
"2124","大安區","龍坡里"
"2125","松山區","自強里"
"2126","北投區","洲美里"
"2127","士林區","永福里"
"2128","中山區","康樂里"
"2129","士林區","永倫里"
"2130","北投區","文化里"
"2131","中山區","中央里"
"2132","大同區","星明里"
"2133","大安區","臨江里"
"2134","大安區","臨江里"
"2135","松山區","敦化里"
"2136","萬華區","福音里"
"2137","大安區","通安里"
"2138","中正區","螢圃里"
"2139","大安區","龍陣里"
"2140","信義區","中行里"
"2141","中山區","行仁里"
"2142","大同區","延平里"
"2143","中山區","下埤里"
"2144","士林區","前港里"
"2145","中山區","圓山里"
"2146","文山區","樟新里"
"2147","北投區","清江里"
"2148","萬華區","福音里"
"2149","內湖區","湖興里"
"2150","內湖區","秀湖里"
"2151","萬華區","全德里"
"2152","萬華區","全德里"
"2153","文山區","興業里"
"2154","松山區","新東里"
"2155","中山區","劍潭里"
"2156","萬華區","孝德里"
"2157","萬華區","和德里"
"2158","北投區","建民里"
"2159","文山區","興昌里"
"2160","內湖區","港富里"
"2161","中山區","永安里"
"2162","松山區","福成里"
"2163","內湖區","紫雲里"
"2164","文山區","景行里"
"2165","松山區","新東里"
"2166","萬華區","和德里"
"2167","信義區","黎忠里"
"2168","士林區","忠誠里"
"2169","松山區","吉祥里"
"2170","大安區","群英里"
"2171","內湖區","麗山里"
"2172","松山區","新聚里"
"2173","信義區","廣居里"
"2174","大安區","大學里"
"2175","內湖區","樂康里"
"2176","大安區","龍淵里"
"2177","中正區","永功里"
"2178","中正區","黎明里"
"2179","中正區","梅花里"
"2180","中山區","中原里"
"2181","信義區","永吉里"
"2182","松山區","中正里"
"2183","北投區","文化里"
"2184","內湖區","康寧里"
"2185","松山區","中正里"
"2186","中正區","梅花里"
"2187","北投區","開明里"
"2188","大同區","朝陽里"
"2189","松山區","三民里"
"2190","大安區","通化里"
"2191","中山區","金泰里"
"2192","萬華區","糖?里"
"2193","大安區","黎和里"
"2194","南港區","仁福里"
"2195","信義區","嘉興里"
"2196","松山區","東光里"
"2197","北投區","大同里"
"2198","萬華區","新起里"
"2199","大同區","老師里"
"2200","松山區","三民里"
"2201","內湖區","金龍里"
"2202","大安區","正聲里"
"2203","北投區","關渡里"
"2204","北投區","關渡里"
"2205","中山區","大直里"
"2206","大安區","芳和里"
"2207","中山區","晴光里"
"2208","萬華區","錦德里"
"2209","北投區","智仁里"
"2210","中山區","金泰里"
"2211","大安區","住安里"
"2212","大安區","仁愛里"
"2213","大安區","義村里"
"2214","內湖區","西康里"
"2215","中山區","朱馥里"
"2216","信義區","景聯里"
"2217","內湖區","安泰里"
"2218","萬華區","福星里"
"2219","文山區","興得里"
"2220","士林區","天福里"
"2221","士林區","天福里"
"2222","信義區","敦厚里"
"2223","內湖區","內湖里"
"2224","中正區","黎明里"
"2225","大安區","群賢里"
"2226","萬華區","頂碩里"
"2227","大安區","德安里"
"2228","大安區","仁慈里"
"2229","信義區","安康里"
"2230","大安區","民炤里"
"2231","信義區","六合里"
"2232","中山區","復華里"
"2233","南港區","舊莊里"
"2234","信義區","大道里"
"2235","南港區","西新里"
"2236","內湖區","東湖里"
"2237","松山區","莊敬里"
"2238","萬華區","凌霄里"
"2239","士林區","仁勇里"
"2240","大同區","玉泉里"
"2241","信義區","黎平里"
"2242","中山區","中央里"
"2243","信義區","長春里"
"2244","大同區","保安里"
"2245","士林區","福安里"
"2246","士林區","福安里"
"2247","士林區","福安里"
"2248","士林區","福安里"
"2249","內湖區","內湖里"
"2250","萬華區","綠堤里"
"2251","大安區","古風里"
"2252","內湖區","清白里"
"2253","松山區","鵬程里"
"2254","松山區","鵬程里"
"2255","信義區","五常里"
"2256","萬華區","青山里"
"2257","文山區","萬祥里"
"2258","士林區","天玉里"
"2259","文山區","樟樹里"
"2260","大安區","錦泰里"
"2261","大同區","南芳里"
"2262","內湖區","安泰里"
"2263","文山區","興旺里"
"2264","文山區","華興里"
"2265","北投區","中心里"
"2266","信義區","惠安里"
"2267","內湖區","西湖里"
"2268","內湖區","瑞陽里"
"2269","中山區","新福里"
"2270","中山區","朱園里"
"2271","北投區","八仙里"
"2272","信義區","惠安里"
"2273","文山區","興昌里"
"2274","內湖區","西康里"
"2275","中山區","行孝里"
"2276","中山區","行孝里"
"2277","中山區","行孝里"
"2278","中山區","行孝里"
"2279","內湖區","清白里"
"2280","大同區","光能里"
"2281","大同區","光能里"
"2282","北投區","裕民里"
"2283","萬華區","新和里"
"2284","文山區","興光里"
"2285","文山區","興家里"
"2286","大安區","和安里"
"2287","士林區","名山里"
"2288","中山區","行仁里"
"2289","南港區","中南里"
"2290","士林區","富光里"
"2291","大同區","建明里"
"2292","南港區","南港里"
"2293","萬華區","富福里"
"2294","大安區","芳和里"
"2295","中正區","幸福里"
"2296","萬華區","騰雲里"
"2297","文山區","樟林里"
"2298","松山區","東榮里"
"2299","大安區","仁愛里"
"2300","中山區","聚盛里"
"2301","萬華區","柳鄉里"
"2302","中正區","梅花里"
"2303","內湖區","康寧里"
"2304","大同區","老師里"
"2305","萬華區","綠堤里"
"2306","中正區","龍福里"
"2307","文山區","萬美里"
"2308","中山區","江寧里"
"2309","中山區","中央里"
"2310","南港區","新富里"
"2311","信義區","四育里"
"2312","萬華區","福音里"
"2313","內湖區","葫洲里"
"2314","中山區","江寧里"
"2315","大安區","民炤里"
"2316","大安區","法治里"
"2317","內湖區","湖元里"
"2318","內湖區","港富里"
"2319","中山區","新福里"
"2320","中山區","興亞里"
"2321","信義區","松友里"
"2322","中山區","朱園里"
"2323","文山區","興光里"
"2324","中山區","劍潭里"
"2325","士林區","社園里"
"2326","萬華區","綠堤里"
"2327","萬華區","和德里"
"2328","信義區","三犁里"
"2329","中正區","水源里"
"2330","萬華區","日善里"
"2331","內湖區","五分里"
"2332","萬華區","和德里"
"2333","中山區","正守里"
"2334","北投區","溫泉里"
"2335","中正區","建國里"
"2336","萬華區","糖?里"
"2337","內湖區","湖元里"
"2338","北投區","文林里"
"2339","萬華區","錦德里"
"2340","南港區","百福里"
"2341","中山區","朱園里"
"2342","松山區","精忠里"
"2343","萬華區","壽德里"
"2344","內湖區","週美里"
"2345","南港區","仁福里"
"2346","大同區","斯文里"
"2347","萬華區","萬壽里"
"2348","大安區","通安里"
"2349","文山區","木柵里"
"2350","大安區","光武里"
"2351","大安區","光武里"
"2352","信義區","中坡里"
"2353","萬華區","萬壽里"
"2354","中山區","圓山里"
"2355","信義區","興雅里"
"2356","中正區","幸市里"
"2357","士林區","蘭興里"
"2358","士林區","芝山里"
"2359","大同區","建明里"
"2360","文山區","博嘉里"
"2361","內湖區","秀湖里"
"2362","內湖區","湖濱里"
"2363","中山區","興亞里"
"2364","中正區","頂東里"
"2365","北投區","清江里"
"2366","南港區","舊莊里"
"2367","信義區","大道里"
"2368","南港區","舊莊里"
"2369","萬華區","青山里"
"2370","信義區","中行里"
"2371","信義區","黎安里"
"2372","中山區","朱馥里"
"2373","中山區","江山里"
"2374","中山區","朱馥里"
"2375","大同區","隆和里"
"2376","中山區","劍潭里"
"2377","內湖區","湖元里"
"2378","內湖區","清白里"
"2379","萬華區","和德里"
"2380","北投區","裕民里"
"2381","大同區","鄰江里"
"2382","大安區","龍圖里"
"2383","士林區","天母里"
"2384","中正區","網溪里"
"2385","松山區","慈祐里"
"2386","內湖區","紫陽里"
"2387","南港區","百福里"
"2388","內湖區","碧山里"
"2389","士林區","天母里"
"2390","中山區","行政里"
"2391","中山區","聚盛里"
"2392","南港區","九如里"
"2393","北投區","秀山里"
"2394","北投區","裕民里"
"2395","萬華區","和德里"
"2396","南港區","百福里"
"2397","信義區","興隆里"
"2398","中山區","民安里"
"2399","萬華區","萬壽里"
"2400","信義區","永春里"
"2401","信義區","大道里"
"2402","南港區","重陽里"
"2403","內湖區","碧山里"
"2404","大安區","大學里"
"2405","內湖區","紫雲里"
"2406","士林區","福華里"
"2407","士林區","後港里"
"2408","士林區","後港里"
"2409","中山區","中庄里"
"2410","文山區","華興里"
"2411","大安區","誠安里"
"2412","中山區","晴光里"
"2413","大安區","敦安里"
"2414","大同區","國順里"
"2415","松山區","中崙里"
"2416","南港區","舊莊里"
"2417","大安區","芳和里"
"2418","文山區","政大里"
"2419","北投區","永和里"
"2420","松山區","自強里"
"2421","信義區","富台里"
"2422",NA,NA
"2423","松山區","三民里"
"2424","中山區","聚盛里"
"2425","大安區","光信里"
"2426","中山區","永安里"
"2427","士林區","葫東里"
"2428","內湖區","湖元里"
"2429","中山區","圓山里"
"2430","內湖區","碧山里"
"2431","信義區","永吉里"
"2432","北投區","桃源里"
"2433","中正區","頂東里"
"2434","大安區","古莊里"
"2435","南港區","新富里"
"2436","南港區","合成里"
"2437","南港區","合成里"
"2438","士林區","葫蘆里"
"2439","大安區","德安里"
"2440","北投區","振華里"
"2441","信義區","國業里"
"2442","中山區","新生里"
"2443","士林區","明勝里"
"2444","內湖區","湖濱里"
"2445","信義區","雅祥里"
"2446","內湖區","葫洲里"
"2447","大安區","住安里"
"2448","文山區","萬隆里"
"2449","松山區","莊敬里"
"2450","大安區","虎嘯里"
"2451","中山區","中庄里"
"2452","文山區","順興里"
"2453","北投區","建民里"
"2454","北投區","建民里"
"2455","文山區","興福里"
"2456","大同區","保安里"
"2457","信義區","興雅里"
"2458","松山區","復盛里"
"2459","北投區","溫泉里"
"2460","北投區","林泉里"
"2461","北投區","長安里"
"2462","內湖區","湖元里"
"2463","信義區","雅祥里"
"2464","信義區","三犁里"
"2465","松山區","民福里"
"2466","萬華區","銘德里"
"2467","松山區","中正里"
"2468","中山區","正得里"
"2469","松山區","東光里"
"2470","文山區","樟新里"
"2471","文山區","樟新里"
"2472","大安區","龍圖里"
"2473","萬華區","新安里"
"2474","松山區","吉祥里"
"2475","北投區","榮華里"
"2476","萬華區","綠堤里"
"2477","萬華區","新安里"
"2478","中山區","中庄里"
"2479","內湖區","瑞光里"
"2480","大安區","黎孝里"
"2481","信義區","五常里"
"2482","內湖區","寶湖里"
"2483","萬華區","菜園里"
"2484","南港區","三重里"
"2485","松山區","東光里"
"2486","文山區","樟文里"
"2487","中正區","龍光里"
"2488","中山區","圓山里"
"2489","大同區","光能里"
"2490","文山區","樟新里"
"2491","中山區","正義里"
"2492","內湖區","金湖里"
"2493","士林區","天玉里"
"2494","松山區","富錦里"
"2495","信義區","中興里"
"2496","士林區","百齡里"
"2497","大安區","龍圖里"
"2498","中山區","中吉里"
"2499","士林區","永倫里"
"2500","松山區","莊敬里"
"2501","文山區","興豐里"
"2502","南港區","合成里"
"2503","文山區","試院里"
"2504","松山區","安平里"
"2505","萬華區","新安里"
"2506","內湖區","行善里"
"2507","大同區","建明里"
"2508","內湖區","行善里"
"2509","松山區","復勢里"
"2510","萬華區","新和里"
"2511","中山區","中山里"
"2512","中山區","康樂里"
"2513","文山區","萬芳里"
"2514","中山區","成功里"
"2515","南港區","中研里"
"2516","信義區","雙和里"
"2517","北投區","榮華里"
"2518","大同區","星明里"
"2519","大同區","星明里"
"2520","文山區","景慶里"
"2521","萬華區","壽德里"
"2522","萬華區","西門里"
"2523","松山區","新東里"
"2524","大安區","龍陣里"
"2525","中山區","朱崙里"
"2526","萬華區","壽德里"
"2527","中山區","新庄里"
"2528","內湖區","週美里"
"2529","萬華區","富民里"
"2530","南港區","百福里"
"2531","北投區","立農里"
"2532","大安區","龍泉里"
"2533","信義區","興隆里"
"2534","南港區","聯成里"
"2535","內湖區","金瑞里"
"2536","大同區","大有里"
"2537","內湖區","南湖里"
"2538","松山區","慈祐里"
"2539","松山區","慈祐里"
"2540","萬華區","福星里"
"2541","大安區","敦煌里"
"2542","大安區","通安里"
"2543","南港區","新富里"
"2544","士林區","蘭雅里"
"2545","松山區","鵬程里"
"2546","大安區","法治里"
"2547","信義區","六合里"
"2548","大同區","大有里"
"2549","信義區","景新里"
"2550","北投區","溫泉里"
"2551","中正區","螢雪里"
"2552","中山區","成功里"
"2553","信義區","惠安里"
"2554","中山區","中吉里"
"2555","北投區","八仙里"
"2556","北投區","中和里"
"2557","文山區","順興里"
"2558","文山區","順興里"
"2559","萬華區","仁德里"
"2560","大安區","錦安里"
"2561","文山區","木新里"
"2562","大安區","義安里"
"2563","大安區","義安里"
"2564","中正區","南福里"
"2565","松山區","新東里"
"2566","信義區","永春里"
"2567","萬華區","福星里"
"2568","信義區","興雅里"
"2569","大安區","錦華里"
"2570","中山區","中山里"
"2571","內湖區","西湖里"
"2572","士林區","天山里"
"2573","信義區","長春里"
"2574","中正區","南福里"
"2575","萬華區","仁德里"
"2576","萬華區","和德里"
"2577","中山區","朱崙里"
"2578","文山區","興光里"
"2579","士林區","社園里"
"2580","內湖區","行善里"
"2581","萬華區","和德里"
"2582","內湖區","港墘里"
"2583","中正區","文盛里"
"2584","松山區","慈祐里"
"2585","北投區","榮光里"
"2586","士林區","百齡里"
"2587","北投區","大同里"
"2588","士林區","仁勇里"
"2589","大同區","至聖里"
"2590","北投區","中庸里"
"2591","信義區","大道里"
"2592","文山區","樟樹里"
"2593","萬華區","興德里"
"2594","萬華區","興德里"
"2595","信義區","長春里"
"2596","士林區","福中里"
"2597","松山區","新聚里"
"2598","大安區","法治里"
"2599","松山區","美仁里"
"2600","中山區","中山里"
"2601","信義區","興雅里"
"2602","士林區","後港里"
"2603","大同區","朝陽里"
"2604","士林區","名山里"
"2605","中山區","中山里"
"2606","萬華區","青山里"
"2607","中山區","江寧里"
"2608","內湖區","西康里"
"2609","北投區","裕民里"
"2610","萬華區","忠德里"
"2611","士林區","溪山里"
"2612","萬華區","糖?里"
"2613","南港區","東新里"
"2614","松山區","東光里"
"2615","北投區","長安里"
"2616","內湖區","紫雲里"
"2617","松山區","民福里"
"2618","中正區","新營里"
"2619","中正區","新營里"
"2620","中山區","中山里"
"2621","大安區","臨江里"
"2622","松山區","介壽里"
"2623","信義區","大仁里"
"2624","中山區","晴光里"
"2625","信義區","景新里"
"2626","萬華區","和德里"
"2627","內湖區","南湖里"
"2628","文山區","萬美里"
"2629","中山區","中山里"
"2630","大安區","永康里"
"2631","北投區","稻香里"
"2632","松山區","東光里"
"2633","士林區","明勝里"
"2634","中山區","聚盛里"
"2635","中山區","龍洲里"
"2636","內湖區","南湖里"
"2637","中山區","龍洲里"
"2638","大安區","建安里"
"2639","信義區","景新里"
"2640","中正區","文祥里"
"2641","文山區","樟腳里"
"2642","內湖區","瑞光里"
"2643","大安區","義安里"
"2644","北投區","裕民里"
"2645","文山區","明興里"
"2646","萬華區","和平里"
"2647","信義區","興雅里"
"2648","松山區","美仁里"
"2649","文山區","興得里"
"2650","萬華區","華中里"
"2651","中山區","中原里"
"2652","中山區","新福里"
"2653","北投區","關渡里"
"2654","北投區","文林里"
"2655","士林區","明勝里"
"2656","信義區","黎安里"
"2657","松山區","介壽里"
"2658","松山區","復勢里"
"2659","內湖區","石潭里"
"2660","士林區","蘭雅里"
"2661","士林區","福林里"
"2662","萬華區","日祥里"
"2663","文山區","興光里"
"2664","松山區","新聚里"
"2665","信義區","松隆里"
"2666","文山區","興昌里"
"2667","內湖區","金湖里"
"2668","北投區","中央里"
"2669","大安區","虎嘯里"
"2670","大安區","群賢里"
"2671","中山區","康樂里"
"2672","萬華區","興德里"
"2673","大安區","義村里"
"2674","內湖區","紫星里"
"2675","松山區","安平里"
"2676","內湖區","紫陽里"
"2677","中山區","行政里"
"2678","大安區","龍陣里"
"2679","大安區","大學里"
"2680","內湖區","港都里"
"2681","內湖區","港富里"
"2682","松山區","三民里"
"2683","文山區","萬和里"
"2684","北投區","永和里"
"2685","松山區","慈祐里"
"2686","北投區","東華里"
"2687","內湖區","紫陽里"
"2688","南港區","東明里"
"2689","內湖區","樂康里"
"2690","中正區","南福里"
"2691","士林區","芝山里"
"2692","松山區","福成里"
"2693","信義區","興隆里"
"2694","萬華區","菜園里"
"2695","松山區","富泰里"
"2696","南港區","東新里"
"2697","內湖區","寶湖里"
"2698","中山區","大直里"
"2699","南港區","重陽里"
"2700","大安區","錦華里"
"2701","士林區","義信里"
"2702","內湖區","瑞光里"
"2703","松山區","中正里"
"2704","北投區","中心里"
"2705","內湖區","西康里"
"2706","文山區","興光里"
"2707","內湖區","西康里"
"2708","萬華區","日善里"
"2709","萬華區","福星里"
"2710","內湖區","樂康里"
"2711","萬華區","萬壽里"
"2712","北投區","溫泉里"
"2713","松山區","介壽里"
"2714","中正區","新營里"
"2715","大安區","芳和里"
"2716","萬華區","富民里"
"2717","內湖區","湖濱里"
"2718","信義區","雙和里"
"2719","松山區","慈祐里"
"2720","內湖區","港華里"
"2721","南港區","成福里"
"2722","萬華區","糖?里"
"2723","文山區","順興里"
"2724","士林區","社新里"
"2725","北投區","中央里"
"2726","信義區","敦厚里"
"2727","大安區","錦泰里"
"2728","南港區","成福里"
"2729","內湖區","行善里"
"2730","南港區","合成里"
"2731","南港區","合成里"
"2732","南港區","合成里"
"2733","南港區","合成里"
"2734","內湖區","行善里"
"2735","萬華區","和平里"
"2736","大安區","黎元里"
"2737","南港區","三重里"
"2738","南港區","合成里"
"2739","南港區","合成里"
"2740","南港區","合成里"
"2741","南港區","合成里"
"2742","文山區","興昌里"
"2743","士林區","葫蘆里"
"2744","松山區","敦化里"
"2745","信義區","安康里"
"2746","南港區","合成里"
"2747","南港區","合成里"
"2748","南港區","合成里"
"2749","南港區","合成里"
"2750","中山區","中山里"
"2751","萬華區","萬壽里"
"2752","中山區","劍潭里"
"2753","文山區","忠順里"
"2754","文山區","萬興里"
"2755","文山區","景仁里"
"2756","中山區","晴光里"
"2757","萬華區","富民里"
"2758","內湖區","湖元里"
"2759","大安區","通化里"
"2760","南港區","三重里"
"2761","中山區","行仁里"
"2762","信義區","興雅里"
"2763","北投區","稻香里"
"2764","中山區","康樂里"
"2765","士林區","陽明里"
"2766","內湖區","康寧里"
"2767","內湖區","麗山里"
"2768","中山區","朱園里"
"2769","信義區","松光里"
"2770","大安區","黎元里"
"2771","松山區","東光里"
"2772","士林區","蘭興里"
"2773","中正區","林興里"
"2774","萬華區","新安里"
"2775","萬華區","雙園里"
"2776","中山區","新福里"
"2777","松山區","莊敬里"
"2778","信義區","長春里"
"2779","大同區","雙連里"
"2780","信義區","黎忠里"
"2781","信義區","黎忠里"
"2782","萬華區","新安里"
"2783","中正區","龍光里"
"2784","信義區","四育里"
"2785","文山區","景仁里"
"2786","萬華區","保德里"
"2787","士林區","天母里"
"2788","文山區","忠順里"
"2789","南港區","東新里"
"2790","文山區","忠順里"
"2791","北投區","東華里"
"2792","松山區","介壽里"
"2793","大安區","芳和里"
"2794","大同區","隆和里"
"2795","南港區","新光里"
"2796","松山區","吉仁里"
"2797","大安區","黎元里"
"2798","中正區","南福里"
"2799","松山區","吉仁里"
"2800","南港區","西新里"
"2801","北投區","溫泉里"
"2802","中山區","中山里"
"2803","中山區","松江里"
"2804","士林區","蘭雅里"
"2805","信義區","泰和里"
"2806","信義區","景新里"
"2807","松山區","中正里"
"2808","文山區","景慶里"
"2809","大安區","大學里"
"2810","中正區","文祥里"
"2811","大安區","建倫里"
"2812","南港區","合成里"
"2813","大同區","星明里"
"2814","南港區","百福里"
"2815","信義區","永吉里"
"2816","士林區","忠誠里"
"2817","大同區","蓬萊里"
"2818","北投區","文林里"
"2819","萬華區","全德里"
"2820","文山區","興旺里"
"2821","文山區","興旺里"
"2822","文山區","興旺里"
"2823","文山區","興旺里"
"2824","信義區","景聯里"
"2825","內湖區","港都里"
"2826","內湖區","港都里"
"2827","中山區","中庄里"
"2828","大同區","玉泉里"
"2829","北投區","永和里"
"2830","信義區","長春里"
"2831","中山區","成功里"
"2832","大安區","古風里"
"2833","大安區","龍圖里"
"2834","萬華區","萬壽里"
"2835","中正區","南福里"
"2836","信義區","泰和里"
"2837","松山區","中正里"
"2838","內湖區","港墘里"
"2839","南港區","萬福里"
"2840","中山區","新庄里"
"2841","大安區","全安里"
"2842","內湖區","港墘里"
"2843","中山區","中庄里"
"2844","中山區","中山里"
"2845","信義區","興雅里"
"2846","大安區","古莊里"
"2847","北投區","榮華里"
"2848","信義區","國業里"
"2849","南港區","合成里"
"2850","士林區","社新里"
"2851","南港區","合成里"
"2852","文山區","政大里"
"2853","中山區","興亞里"
"2854","中正區","忠勤里"
"2855","萬華區","壽德里"
"2856","萬華區","福星里"
"2857","士林區","蘭雅里"
"2858","大安區","通安里"
"2859","中山區","劍潭里"
"2860","南港區","成福里"
"2861","南港區","百福里"
"2862","南港區","成福里"
"2863","中山區","中庄里"
"2864","內湖區","葫洲里"
"2865","士林區","德行里"
"2866","文山區","明義里"
"2867","文山區","華興里"
"2868","中正區","忠勤里"
"2869","北投區","永欣里"
"2870","信義區","國業里"
"2871","中正區","龍興里"
"2872","大同區","雙連里"
"2873","中山區","恆安里"
"2874","中正區","幸福里"
"2875","大同區","星明里"
"2876","中山區","正得里"
"2877","中山區","金泰里"
"2878","中正區","板溪里"
"2879","大同區","建明里"
"2880","內湖區","西康里"
"2881","中山區","行仁里"
"2882","中山區","晴光里"
"2883","南港區","舊莊里"
"2884","南港區","舊莊里"
"2885","松山區","吉祥里"
"2886","松山區","吉祥里"
"2887","大安區","福住里"
"2888","大安區","龍淵里"
"2889","信義區","安康里"
"2890","中正區","南福里"
"2891","文山區","樟樹里"
"2892","信義區","松隆里"
"2893","南港區","南港里"
"2894","信義區","松友里"
"2895","信義區","四育里"
"2896","大同區","民權里"
"2897","士林區","福佳里"
"2898","大同區","民權里"
"2899","士林區","福佳里"
"2900","中山區","聚盛里"
"2901","大安區","錦安里"
"2902","大安區","建安里"
"2903","內湖區","湖元里"
"2904","中山區","朱園里"
"2905","松山區","敦化里"
"2906","中山區","新喜里"
"2907","大同區","重慶里"
"2908","文山區","試院里"
"2909","中山區","晴光里"
"2910","南港區","仁福里"
"2911","大安區","新龍里"
"2912","內湖區","麗山里"
"2913","大同區","玉泉里"
"2914","信義區","松友里"
"2915","文山區","萬美里"
"2916","內湖區","港墘里"
"2917","內湖區","碧山里"
"2918","中山區","中吉里"
"2919","文山區","萬年里"
"2920","南港區","西新里"
"2921","文山區","萬興里"
"2922","南港區","成福里"
"2923","中山區","劍潭里"
"2924","士林區","葫東里"
"2925","松山區","吉仁里"
"2926","內湖區","湖興里"
"2927","信義區","三犁里"
"2928","內湖區","湖元里"
"2929","大同區","隆和里"
"2930","松山區","民有里"
"2931","大安區","光武里"
"2932","中山區","正得里"
"2933","士林區","天福里"
"2934","大安區","民炤里"
"2935","中正區","永功里"
"2936","大安區","芳和里"
"2937","大安區","昌隆里"
"2938","士林區","天母里"
"2939","內湖區","麗山里"
"2940","內湖區","樂康里"
"2941","內湖區","行善里"
"2942","士林區","芝山里"
"2943","大安區","華聲里"
"2944","大安區","龍圖里"
"2945","中山區","行政里"
"2946","萬華區","興德里"
"2947","士林區","天祿里"
"2948","文山區","興昌里"
"2949","松山區","民有里"
"2950","萬華區","新起里"
"2951","信義區","長春里"
"2952","大同區","星明里"
"2953","大安區","大學里"
"2954","大安區","和安里"
"2955","內湖區","紫陽里"
"2956","大安區","華聲里"
"2957","文山區","景行里"
"2958","內湖區","東湖里"
"2959","內湖區","港富里"
"2960","北投區","永和里"
"2961","文山區","木新里"
"2962","中山區","中吉里"
"2963","士林區","天祿里"
"2964","大同區","老師里"
"2965","內湖區","行善里"
"2966","北投區","溫泉里"
"2967","南港區","新富里"
"2968","松山區","慈祐里"
"2969","文山區","興泰里"
"2970","中山區","金泰里"
"2971","中正區","新營里"
"2972","松山區","新聚里"
"2973","信義區","四維里"
"2974","北投區","中央里"
"2975","內湖區","湖元里"
"2976","萬華區","華中里"
"2977","中正區","忠勤里"
"2978","士林區","天玉里"
"2979","大安區","黎和里"
"2980","中正區","忠勤里"
"2981","中正區","新營里"
"2982","內湖區","安湖里"
"2983","內湖區","湖興里"
"2984","大同區","至聖里"
"2985","信義區","永春里"
"2986","信義區","惠安里"
"2987","信義區","景新里"
"2988","南港區","九如里"
"2989","中山區","龍洲里"
"2990","中山區","中吉里"
"2991","大安區","法治里"
"2992","文山區","景慶里"
"2993","松山區","富泰里"
"2994","南港區","南港里"
"2995","松山區","龍田里"
"2996","信義區","四育里"
"2997","內湖區","瑞光里"
"2998","文山區","景慶里"
"2999","大安區","建安里"
"3000","南港區","成福里"
"3001","萬華區","頂碩里"
"3002","南港區","九如里"
"3003","南港區","新光里"
"3004","信義區","六合里"
"3005","中山區","中山里"
"3006","萬華區","萬壽里"
"3007","信義區","四育里"
"3008","中山區","松江里"
"3009","內湖區","清白里"
"3010","信義區","永春里"
"3011","北投區","福興里"
"3012","萬華區","福星里"
"3013","文山區","忠順里"
"3014","萬華區","和德里"
"3015","士林區","福華里"
"3016","南港區","舊莊里"
"3017","北投區","榮華里"
"3018","信義區","景新里"
"3019","南港區","中南里"
"3020","文山區","萬美里"
"3021","內湖區","紫陽里"
"3022","松山區","民福里"
"3023","北投區","文化里"
"3024","內湖區","港墘里"
"3025","南港區","新光里"
"3026","南港區","新富里"
"3027","萬華區","新起里"
"3028","萬華區","富民里"
"3029","萬華區","西門里"
"3030","松山區","富錦里"
"3031","大安區","龍生里"
"3032","大安區","黎孝里"
"3033","文山區","木新里"
"3034","萬華區","菜園里"
"3035","文山區","景華里"
"3036","松山區","自強里"
"3037","內湖區","碧山里"
"3038","萬華區","富福里"
"3039","文山區","試院里"
"3040","中山區","江山里"
"3041","士林區","舊佳里"
"3042","松山區","復盛里"
"3043","內湖區","葫洲里"
"3044","大安區","建安里"
"3045","文山區","萬盛里"
"3046","大安區","黎和里"
"3047","士林區","三玉里"
"3048","中山區","中庄里"
"3049","南港區","重陽里"
"3050","大安區","正聲里"
"3051","松山區","慈祐里"
"3052","大同區","老師里"
"3053","大同區","老師里"
"3054","大安區","民輝里"
"3055","信義區","雅祥里"
"3056","文山區","忠順里"
"3057","內湖區","安泰里"
"3058","信義區","雙和里"
"3059","信義區","長春里"
"3060","北投區","智仁里"
"3061","萬華區","和平里"
"3062","中山區","行仁里"
"3063","內湖區","紫陽里"
"3064","中山區","朱園里"
"3065","大安區","大學里"
"3066","松山區","民福里"
"3067","士林區","福德里"
"3068","南港區","合成里"
"3069","大安區","古莊里"
"3070","內湖區","東湖里"
"3071","文山區","景美里"
"3072","中山區","正義里"
"3073","北投區","洲美里"
"3074","士林區","福順里"
"3075","大安區","錦安里"
"3076","南港區","南港里"
"3077","大安區","建倫里"
"3078","內湖區","金湖里"
"3079","北投區","尊賢里"
"3080","文山區","興安里"
"3081","北投區","中和里"
"3082","大安區","昌隆里"
"3083","士林區","天壽里"
"3084","北投區","中和里"
"3085","內湖區","西安里"
"3086","內湖區","週美里"
"3087","北投區","奇岩里"
"3088","文山區","樟腳里"
"3089","萬華區","新和里"
"3090","松山區","自強里"
"3091","中山區","成功里"
"3092","萬華區","新和里"
"3093","中正區","東門里"
"3094","中山區","新福里"
"3095","北投區","奇岩里"
"3096","大安區","昌隆里"
"3097","士林區","平等里"
"3098","大安區","誠安里"
"3099","萬華區","仁德里"
"3100","萬華區","福音里"
"3101","文山區","華興里"
"3102","大安區","群賢里"
"3103","大安區","芳和里"
"3104","大安區","義村里"
"3105","內湖區","週美里"
"3106","松山區","自強里"
"3107","內湖區","湖興里"
"3108","士林區","天母里"
"3109","信義區","中行里"
"3110","南港區","舊莊里"
"3111","萬華區","興德里"
"3112","松山區","敦化里"
"3113","中正區","幸福里"
"3114","松山區","莊敬里"
"3115","文山區","興福里"
"3116","萬華區","和德里"
"3117","文山區","興福里"
"3118","南港區","成福里"
"3119","松山區","吉祥里"
"3120","士林區","福中里"
"3121","內湖區","樂康里"
"3122","內湖區","清白里"
"3123","松山區","吉仁里"
"3124","信義區","松友里"
"3125","大安區","龍門里"
"3126","信義區","正和里"
"3127","文山區","興豐里"
"3128","內湖區","紫雲里"
"3129","內湖區","港墘里"
"3130","文山區","景行里"
"3131","文山區","順興里"
"3132","中山區","劍潭里"
"3133","中正區","永功里"
"3134","文山區","萬有里"
"3135","松山區","民福里"
"3136","中山區","中山里"
"3137","士林區","義信里"
"3138","內湖區","東湖里"
"3139","文山區","興旺里"
"3140","松山區","中崙里"
"3141","北投區","關渡里"
"3142","南港區","成福里"
"3143","萬華區","新和里"
"3144","中山區","正義里"
"3145","中山區","正義里"
"3146","大同區","鄰江里"
"3147","南港區","合成里"
"3148","北投區","八仙里"
"3149","中山區","新生里"
"3150","內湖區","秀湖里"
"3151","大同區","玉泉里"
"3152","士林區","後港里"
"3153","內湖區","西湖里"
"3154","松山區","東榮里"
"3155","北投區","桃源里"
"3156","大安區","建安里"
"3157","北投區","振華里"
"3158","內湖區","週美里"
"3159","大安區","福住里"
"3160","大同區","朝陽里"
"3161","內湖區","紫星里"
"3162","萬華區","新和里"
"3163","士林區","永倫里"
"3164","信義區","景新里"
"3165","松山區","吉祥里"
"3166","中山區","朱崙里"
"3167","士林區","名山里"
"3168","北投區","關渡里"
"3169","信義區","六藝里"
"3170","中山區","聚盛里"
"3171","信義區","松友里"
"3172","中正區","廈安里"
"3173","大同區","建功里"
"3174","內湖區","港華里"
"3175","文山區","景東里"
"3176","內湖區","東湖里"
"3177","松山區","新東里"
"3178","萬華區","富福里"
"3179","內湖區","五分里"
"3180","松山區","松基里"
"3181","中正區","水源里"
"3182","萬華區","綠堤里"
"3183","大安區","新龍里"
"3184","松山區","東勢里"
"3185","中正區","板溪里"
"3186","北投區","中心里"
"3187","中正區","南福里"
"3188","萬華區","錦德里"
"3189","大安區","通安里"
"3190","信義區","雙和里"
"3191","大安區","通安里"
"3192","文山區","政大里"
"3193","大同區","光能里"
"3194","內湖區","湖濱里"
"3195","內湖區","西康里"
"3196","北投區","立農里"
"3197","大同區","蓬萊里"
"3198","松山區","富泰里"
"3199","中山區","正守里"
"3200","士林區","蘭雅里"
"3201","內湖區","內溝里"
"3202","萬華區","新和里"
"3203","北投區","桃源里"
"3204","北投區","桃源里"
"3205","士林區","福中里"
"3206","士林區","社子里"
"3207","信義區","國業里"
"3208","萬華區","日善里"
"3209","內湖區","港都里"
"3210","文山區","興旺里"
"3211","中山區","下埤里"
"3212","中山區","康樂里"
"3213","萬華區","富福里"
"3214","大安區","和安里"
"3215","士林區","天玉里"
"3216","中山區","行仁里"
"3217","南港區","三重里"
"3218","大安區","龍生里"
"3219","中山區","中央里"
"3220","士林區","名山里"
"3221","大安區","群英里"
"3222","大安區","通化里"
"3223","大安區","民炤里"
"3224","松山區","慈祐里"
"3225","士林區","社新里"
"3226","內湖區","清白里"
"3227","中山區","復華里"
"3228","信義區","黎安里"
"3229","松山區","鵬程里"
"3230","信義區","敦厚里"
"3231","萬華區","華江里"
"3232","士林區","福志里"
"3233","萬華區","騰雲里"
"3234","文山區","萬年里"
"3235",NA,NA
"3236","大安區","虎嘯里"
"3237","士林區","天玉里"
"3238","士林區","芝山里"
"3239","北投區","清江里"
"3240","文山區","華興里"
"3241","內湖區","港都里"
"3242","中正區","幸福里"
"3243","萬華區","萬壽里"
"3244","中山區","永安里"
"3245","松山區","精忠里"
"3246","文山區","華興里"
"3247","大同區","至聖里"
"3248","大同區","景星里"
"3249","內湖區","港華里"
"3250","松山區","富錦里"
"3251","萬華區","和德里"
"3252","松山區","慈祐里"
"3253","大同區","建功里"
"3254","萬華區","新起里"
"3255","信義區","四育里"
"3256","萬華區","和德里"
"3257","松山區","松基里"
"3258","內湖區","紫陽里"
"3259","南港區","新光里"
"3260","萬華區","全德里"
"3261","信義區","中興里"
"3262","中山區","金泰里"
"3263","松山區","龍田里"
"3264","士林區","葫蘆里"
"3265","中正區","頂東里"
"3266","松山區","新東里"
"3267","士林區","平等里"
"3268","大安區","建倫里"
"3269","文山區","木新里"
"3270","松山區","莊敬里"
"3271","萬華區","壽德里"
"3272","萬華區","銘德里"
"3273","文山區","興家里"
"3274","中山區","民安里"
"3275","大安區","仁愛里"
"3276","大安區","通化里"
"3277","北投區","中心里"
"3278","士林區","德行里"
"3279","士林區","德行里"
"3280","內湖區","金瑞里"
"3281","大安區","通化里"
"3282","大安區","通化里"
"3283","中正區","文北里"
"3284","大同區","揚雅里"
"3285","大同區","至聖里"
"3286","大同區","星明里"
"3287","北投區","文林里"
"3288","萬華區","錦德里"
"3289","中山區","民安里"
"3290","中山區","集英里"
"3291","文山區","興得里"
"3292","信義區","雅祥里"
"3293","大同區","國順里"
"3294","中正區","梅花里"
"3295","大同區","雙連里"
"3296","文山區","華興里"
"3297","萬華區","頂碩里"
"3298","士林區","臨溪里"
"3299","中山區","永安里"
"3300","松山區","新東里"
"3301","文山區","木柵里"
"3302","大同區","雙連里"
"3303","信義區","黎忠里"
"3304","大安區","華聲里"
"3305","士林區","福順里"
"3306","松山區","新聚里"
"3307","北投區","中心里"
"3308","萬華區","萬壽里"
"3309","內湖區","五分里"
"3310","北投區","石牌里"
"3311","大同區","朝陽里"
"3312","大同區","星明里"
"3313","文山區","興旺里"
"3314","信義區","黎順里"
"3315","文山區","興邦里"
"3316","萬華區","華江里"
"3317","松山區","新聚里"
"3318","士林區","永倫里"
"3319","大同區","建泰里"
"3320","中正區","富水里"
"3321","文山區","興豐里"
"3322","大同區","雙連里"
"3323","中山區","朱園里"
"3324","大同區","延平里"
"3325","士林區","永倫里"
"3326","大安區","臨江里"
"3327","北投區","中心里"
"3328","內湖區","葫洲里"
"3329","大同區","星明里"
"3330","信義區","敦厚里"
"3331","大同區","星明里"
"3332","大安區","龍陣里"
"3333","大安區","龍生里"
"3334","內湖區","石潭里"
"3335","松山區","敦化里"
"3336","南港區","成福里"
"3337","北投區","關渡里"
"3338","信義區","四維里"
"3339","大安區","錦泰里"
"3340","松山區","民有里"
"3341","士林區","前港里"
"3342","信義區","中行里"
"3343","士林區","富光里"
"3344","信義區","永春里"
"3345","內湖區","港富里"
"3346","信義區","雅祥里"
"3347","萬華區","雙園里"
"3348","中山區","成功里"
"3349","北投區","中央里"
"3350","萬華區","全德里"
"3351","信義區","四育里"
"3352","信義區","敦厚里"
"3353","大同區","鄰江里"
"3354","北投區","清江里"
"3355","中正區","文祥里"
"3356","文山區","興業里"
"3357","南港區","舊莊里"
"3358","內湖區","港墘里"
"3359","士林區","福志里"
"3360","北投區","大同里"
"3361","南港區","中研里"
"3362","松山區","精忠里"
"3363","松山區","精忠里"
"3364","松山區","龍田里"
"3365","大同區","鄰江里"
"3366","內湖區","港墘里"
"3367","文山區","樟文里"
"3368","松山區","復盛里"
"3369","內湖區","紫陽里"
"3370","松山區","新東里"
"3371","大安區","黎孝里"
"3372","大安區","光信里"
"3373","文山區","木新里"
"3374","北投區","長安里"
"3375","松山區","新東里"
"3376","大安區","光信里"
"3377","文山區","試院里"
"3378","文山區","試院里"
"3379","大同區","延平里"
"3380","大安區","民炤里"
"3381","萬華區","凌霄里"
"3382","萬華區","和德里"
"3383","文山區","興福里"
"3384","萬華區","忠德里"
"3385","中山區","正義里"
"3386","信義區","景勤里"
"3387","士林區","天和里"
"3388","文山區","明義里"
"3389","文山區","華興里"
"3390","松山區","松基里"
"3391","北投區","尊賢里"
"3392","中正區","幸福里"
"3393","內湖區","五分里"
"3394","大安區","車層里"
"3395","南港區","東明里"
"3396","北投區","中庸里"
"3397","萬華區","菜園里"
"3398","信義區","安康里"
"3399","信義區","西村里"
"3400","信義區","西村里"
"3401","南港區","重陽里"
"3402","文山區","樟林里"
"3403","北投區","開明里"
"3404","內湖區","港華里"
"3405","文山區","忠順里"
"3406","大安區","龍坡里"
"3407","松山區","慈祐里"
"3408","中正區","新營里"
"3409","北投區","立賢里"
"3410","中山區","金泰里"
"3411","大同區","鄰江里"
"3412","大同區","鄰江里"
"3413","士林區","德行里"
"3414","大同區","斯文里"
"3415","內湖區","東湖里"
"3416","文山區","景仁里"
"3417","松山區","介壽里"
"3418","文山區","景仁里"
"3419","士林區","福志里"
"3420","松山區","東光里"
"3421","大同區","蓬萊里"
"3422","松山區","三民里"
"3423","松山區","三民里"
"3424","北投區","中庸里"
"3425","南港區","三重里"
"3426","南港區","玉成里"
"3427","內湖區","五分里"
"3428","內湖區","安泰里"
"3429","北投區","長安里"
"3430","內湖區","寶湖里"
"3431","中山區","永安里"
"3432","大同區","國慶里"
"3433","中山區","大直里"
"3434","信義區","中興里"
"3435","中正區","龍光里"
"3436","萬華區","凌霄里"
"3437","文山區","木柵里"
"3438","南港區","東明里"
"3439","中山區","金泰里"
"3440","中正區","梅花里"
"3441","大安區","義村里"
"3442","北投區","建民里"
"3443","文山區","明義里"
"3444","松山區","新益里"
"3445","中正區","忠勤里"
"3446","文山區","華興里"
"3447","大同區","星明里"
"3448","文山區","萬美里"
"3449","北投區","奇岩里"
"3450","大安區","通化里"
"3451","南港區","九如里"
"3452","松山區","復盛里"
"3453","松山區","復盛里"
"3454","士林區","天福里"
"3455","士林區","天福里"
"3456","中正區","永昌里"
"3457","北投區","中央里"
"3458","信義區","國業里"
"3459","南港區","鴻福里"
"3460","中山區","圓山里"
"3461","松山區","龍田里"
"3462","南港區","東新里"
"3463","松山區","東光里"
"3464","松山區","東光里"
"3465","松山區","龍田里"
"3466","南港區","舊莊里"
"3467","中山區","江寧里"
"3468","北投區","文化里"
"3469","內湖區","東湖里"
"3470","中正區","廈安里"
"3471","松山區","新聚里"
"3472","內湖區","內湖里"
"3473","大同區","玉泉里"
"3474","信義區","泰和里"
"3475","信義區","安康里"
"3476","松山區","精忠里"
"3477","士林區","芝山里"
"3478","中山區","中山里"
"3479","松山區","安平里"
"3480","大安區","通安里"
"3481","中山區","埤頭里"
"3482","內湖區","金龍里"
"3483","信義區","六合里"
"3484","文山區","明興里"
"3485","內湖區","石潭里"
"3486","北投區","稻香里"
"3487","北投區","秀山里"
"3488","士林區","德行里"
"3489","士林區","天玉里"
"3490","中山區","正義里"
"3491","大安區","龍門里"
"3492","大安區","昌隆里"
"3493","大同區","至聖里"
"3494","文山區","景美里"
"3495","大同區","國順里"
"3496","大同區","國順里"
"3497","內湖區","金瑞里"
"3498","大同區","玉泉里"
"3499","大同區","大有里"
"3500","北投區","清江里"
"3501","南港區","百福里"
"3502","萬華區","新和里"
"3503","內湖區","內湖里"
"3504","大同區","保安里"
"3505","中正區","林興里"
"3506","內湖區","大湖里"
"3507","中正區","光復里"
"3508","松山區","鵬程里"
"3509","文山區","興昌里"
"3510","士林區","聖山里"
"3511","大同區","民權里"
"3512","中山區","正得里"
"3513","大安區","光信里"
"3514","松山區","東榮里"
"3515","松山區","中崙里"
"3516","松山區","復勢里"
"3517","士林區","天玉里"
"3518","大同區","民權里"
"3519","松山區","福成里"
"3520","中山區","中原里"
"3521","萬華區","新起里"
"3522","中山區","新福里"
"3523","南港區","東明里"
"3524","士林區","聖山里"
"3525","文山區","華興里"
"3526","中山區","下埤里"
"3527","內湖區","金瑞里"
"3528","中山區","金泰里"
"3529","南港區","百福里"
"3530","文山區","景慶里"
"3531","大同區","雙連里"
"3532","內湖區","蘆洲里"
"3533","文山區","興旺里"
"3534","中山區","集英里"
"3535","內湖區","安泰里"
"3536","松山區","安平里"
"3537","信義區","景勤里"
"3538","萬華區","萬壽里"
"3539","萬華區","忠德里"
"3540","松山區","新聚里"
"3541","內湖區","湖興里"
"3542","萬華區","福星里"
"3543","內湖區","湖興里"
"3544","大同區","斯文里"
"3545","大安區","民炤里"
"3546","中山區","正守里"
"3547","大同區","雙連里"
"3548","松山區","富泰里"
"3549","松山區","富泰里"
"3550","文山區","樟林里"
"3551","中山區","金泰里"
"3552","南港區","成福里"
"3553","北投區","永和里"
"3554","大安區","龍生里"
"3555","北投區","榮華里"
"3556","文山區","順興里"
"3557","大同區","建明里"
"3558","中正區","螢雪里"
"3559","文山區","政大里"
"3560","文山區","政大里"
"3561","大同區","玉泉里"
"3562","萬華區","銘德里"
"3563","中正區","幸福里"
"3564","士林區","後港里"
"3565","文山區","老泉里"
"3566","北投區","桃源里"
"3567","大同區","揚雅里"
"3568","萬華區","和德里"
"3569","文山區","萬芳里"
"3570","大同區","至聖里"
"3571","松山區","福成里"
"3572","大同區","民權里"
"3573","文山區","順興里"
"3574","大安區","仁愛里"
"3575","信義區","廣居里"
"3576","大同區","鄰江里"
"3577","南港區","三重里"
"3578","信義區","國業里"
"3579","文山區","景東里"
"3580","北投區","溫泉里"
"3581","士林區","天福里"
"3582","大安區","昌隆里"
"3583","文山區","萬祥里"
"3584","士林區","德華里"
"3585","士林區","德華里"
"3586","士林區","聖山里"
"3587","松山區","中正里"
"3588","松山區","吉祥里"
"3589","文山區","明義里"
"3590","大同區","雙連里"
"3591","大同區","雙連里"
"3592","大安區","誠安里"
"3593","中山區","松江里"
"3594","南港區","合成里"
"3595","內湖區","康寧里"
"3596","中山區","圓山里"
"3597","信義區","國業里"
"3598","中山區","圓山里"
"3599","北投區","榮華里"
"3600","信義區","廣居里"
"3601","南港區","新富里"
"3602","松山區","新益里"
"3603","大安區","芳和里"
"3604","大同區","鄰江里"
"3605","大安區","義安里"
"3606","大安區","全安里"
"3607","萬華區","綠堤里"
"3608","南港區","新富里"
"3609","信義區","富台里"
"3610","內湖區","康寧里"
"3611","松山區","新聚里"
"3612","士林區","福安里"
"3613","南港區","新富里"
"3614","中山區","興亞里"
"3615","萬華區","榮德里"
"3616","萬華區","壽德里"
"3617","北投區","智仁里"
"3618","中正區","螢圃里"
"3619","大同區","建泰里"
"3620","中山區","正得里"
"3621","北投區","文林里"
"3622","大同區","至聖里"
"3623","萬華區","忠貞里"
"3624","大安區","黎元里"
"3625","大安區","通安里"
"3626","大安區","龍泉里"
"3627","內湖區","紫星里"
"3628","松山區","富泰里"
"3629","中正區","文北里"
"3630","信義區","松友里"
"3631","松山區","安平里"
"3632","中山區","正得里"
"3633","士林區","福德里"
"3634","士林區","翠山里"
"3635","信義區","四育里"
"3636","內湖區","五分里"
"3637","信義區","松隆里"
"3638","中正區","三愛里"
"3639","中山區","正義里"
"3640","大同區","民權里"
"3641","文山區","景行里"
"3642","信義區","松友里"
"3643","萬華區","銘德里"
"3644","松山區","新益里"
"3645","中山區","朱馥里"
"3646","大安區","龍泉里"
"3647","士林區","百齡里"
"3648","信義區","景勤里"
"3649","中正區","忠勤里"
"3650","中山區","劍潭里"
"3651","萬華區","興德里"
"3652","南港區","百福里"
"3653","大安區","住安里"
"3654","內湖區","瑞陽里"
"3655","萬華區","銘德里"
"3656","士林區","葫蘆里"
"3657","南港區","仁福里"
"3658","中山區","聚盛里"
"3659","文山區","明興里"
"3660","大安區","建倫里"
"3661","大同區","延平里"
"3662","內湖區","湖元里"
"3663","大安區","義安里"
"3664","萬華區","青山里"
"3665","文山區","明義里"
"3666","內湖區","湖濱里"
"3667","松山區","安平里"
"3668","內湖區","秀湖里"
"3669","內湖區","安湖里"
"3670","內湖區","湖濱里"
"3671","內湖區","瑞陽里"
"3672","大安區","古莊里"
"3673","文山區","樟腳里"
"3674","大同區","斯文里"
"3675","大安區","建安里"
"3676","大同區","南芳里"
"3677","大安區","龍陣里"
"3678","文山區","興旺里"
"3679","信義區","三犁里"
"3680","中山區","聚盛里"
"3681","文山區","萬隆里"
"3682","文山區","博嘉里"
"3683","信義區","四育里"
"3684","信義區","四育里"
"3685","中山區","金泰里"
"3686","中山區","晴光里"
"3687","萬華區","雙園里"
"3688","信義區","長春里"
"3689","中正區","螢雪里"
"3690","文山區","樟樹里"
"3691","中山區","行仁里"
"3692","北投區","中和里"
"3693","萬華區","青山里"
"3694","松山區","復源里"
"3695","中山區","金泰里"
"3696","中山區","朱馥里"
"3697","南港區","舊莊里"
"3698","中山區","劍潭里"
"3699","內湖區","清白里"
"3700","北投區","福興里"
"3701","大同區","國慶里"
"3702","大同區","國慶里"
"3703","萬華區","柳鄉里"
"3704","信義區","黎安里"
"3705","南港區","萬福里"
"3706","中正區","龍光里"
"3707","松山區","中崙里"
"3708","萬華區","孝德里"
"3709","大安區","龍圖里"
"3710","內湖區","樂康里"
"3711","信義區","富台里"
"3712","萬華區","仁德里"
"3713","文山區","明興里"
"3714","萬華區","凌霄里"
"3715","士林區","東山里"
"3716","大安區","和安里"
"3717","大安區","仁愛里"
"3718","大同區","永樂里"
"3719","信義區","景新里"
"3720","大安區","臨江里"
"3721","中山區","康樂里"
"3722","中山區","圓山里"
"3723","中山區","聚盛里"
"3724","中山區","康樂里"
"3725","北投區","裕民里"
"3726","大安區","龍生里"
"3727","內湖區","安湖里"
"3728","中山區","行仁里"
"3729","中山區","行仁里"
"3730","內湖區","瑞陽里"
"3731","中山區","正義里"
"3732","北投區","永欣里"
"3733","松山區","東光里"
"3734","士林區","明勝里"
"3735","萬華區","新和里"
"3736","萬華區","和德里"
"3737","萬華區","西門里"
"3738","文山區","樟樹里"
"3739","內湖區","清白里"
"3740","內湖區","金瑞里"
"3741","北投區","一德里"
"3742","大同區","永樂里"
"3743","內湖區","清白里"
"3744","大安區","誠安里"
"3745","士林區","義信里"
"3746","大安區","黎元里"
"3747","萬華區","華中里"
"3748","中山區","永安里"
"3749","松山區","安平里"
"3750","信義區","景聯里"
"3751","北投區","永和里"
"3752","松山區","民福里"
"3753","大同區","延平里"
"3754","南港區","成福里"
"3755","松山區","中崙里"
"3756","大安區","龍生里"
"3757","中山區","康樂里"
"3758","文山區","萬美里"
"3759","中山區","朱馥里"
"3760","中山區","新庄里"
"3761","文山區","萬隆里"
"3762","大安區","住安里"
"3763","文山區","萬芳里"
"3764","北投區","榮光里"
"3765","士林區","天母里"
"3766","文山區","景東里"
"3767","內湖區","瑞光里"
"3768","萬華區","孝德里"
"3769","內湖區","蘆洲里"
"3770","大安區","全安里"
"3771","內湖區","金湖里"
"3772","大同區","蓬萊里"
"3773","中山區","正得里"
"3774","南港區","重陽里"
"3775","內湖區","紫雲里"
"3776","文山區","興得里"
"3777","士林區","富光里"
"3778","萬華區","和平里"
"3779","文山區","博嘉里"
"3780","北投區","八仙里"
"3781","中山區","行仁里"
"3782","內湖區","寶湖里"
"3783","士林區","臨溪里"
"3784","內湖區","樂康里"
"3785","文山區","博嘉里"
"3786","中正區","愛國里"
"3787","南港區","合成里"
"3788","文山區","明義里"
"3789","萬華區","萬壽里"
"3790","萬華區","萬壽里"
"3791","南港區","仁福里"
"3792","內湖區","西康里"
"3793","萬華區","富民里"
"3794","信義區","雙和里"
"3795","萬華區","壽德里"
"3796","北投區","林泉里"
"3797","文山區","興業里"
"3798","士林區","明勝里"
"3799","士林區","福順里"
"3800","大同區","延平里"
"3801","大同區","玉泉里"
"3802","大安區","群賢里"
"3803","中山區","中山里"
"3804","中山區","朱馥里"
"3805","松山區","吉仁里"
"3806","大安區","仁慈里"
"3807","文山區","萬隆里"
"3808","內湖區","大湖里"
"3809","文山區","萬隆里"
"3810","大安區","光武里"
"3811","內湖區","湖元里"
"3812","中山區","中庄里"
"3813","中山區","中山里"
"3814","士林區","社子里"
"3815","松山區","福成里"
"3816","信義區","雅祥里"
"3817","信義區","黎平里"
"3818","士林區","聖山里"
"3819","大安區","民炤里"
"3820","中正區","黎明里"
"3821","內湖區","葫洲里"
"3822","內湖區","安湖里"
"3823","信義區","大道里"
"3824","松山區","吉仁里"
"3825","內湖區","秀湖里"
"3826","士林區","天福里"
"3827","南港區","百福里"
"3828","松山區","莊敬里"
"3829","南港區","新光里"
"3830","士林區","福林里"
"3831","北投區","榮華里"
"3832","士林區","蘭興里"
"3833","萬華區","和德里"
"3834","北投區","吉利里"
"3835","大安區","義村里"
"3836","信義區","興雅里"
"3837","文山區","興業里"
"3838","中正區","龍光里"
"3839","文山區","政大里"
"3840","內湖區","金瑞里"
"3841","萬華區","綠堤里"
"3842","南港區","中研里"
"3843","大安區","德安里"
"3844","萬華區","新安里"
"3845","文山區","博嘉里"
"3846","南港區","仁福里"
"3847","文山區","興得里"
"3848","信義區","中行里"
"3849","北投區","開明里"
"3850","松山區","復盛里"
"3851","大安區","臨江里"
"3852","大安區","黎孝里"
"3853","中山區","朱馥里"
"3854","中山區","正義里"
"3855","士林區","舊佳里"
"3856","南港區","西新里"
"3857","北投區","溫泉里"
"3858","北投區","溫泉里"
"3859","南港區","玉成里"
"3860","萬華區","華中里"
"3861","大同區","延平里"
"3862","中山區","劍潭里"
"3863","中山區","晴光里"
"3864","文山區","興安里"
"3865","中正區","龍光里"
"3866","大同區","鄰江里"
"3867","大同區","鄰江里"
"3868","松山區","復盛里"
"3869","信義區","中行里"
"3870","文山區","萬芳里"
"3871","中正區","光復里"
"3872","中正區","螢雪里"
"3873","萬華區","忠貞里"
"3874","松山區","中正里"
"3875","文山區","順興里"
"3876","信義區","國業里"
"3877","文山區","明興里"
"3878","萬華區","忠貞里"
"3879","大安區","龍圖里"
"3880","內湖區","安泰里"
"3881","信義區","興隆里"
"3882","文山區","興豐里"
"3883","大同區","玉泉里"
"3884","內湖區","蘆洲里"
"3885","中正區","建國里"
"3886","松山區","安平里"
"3887","文山區","景東里"
"3888","信義區","中坡里"
"3889","信義區","新仁里"
"3890","中山區","正義里"
"3891","大安區","古莊里"
"3892","內湖區","紫雲里"
"3893","萬華區","新和里"
"3894","文山區","興旺里"
"3895","大同區","大有里"
"3896","北投區","一德里"
"3897","內湖區","港華里"
"3898","中山區","中山里"
"3899","萬華區","福音里"
"3900","士林區","百齡里"
"3901","文山區","萬芳里"
"3902","中山區","成功里"
"3903","文山區","忠順里"
"3904","大安區","誠安里"
"3905","南港區","中研里"
"3906","萬華區","雙園里"
"3907","大同區","星明里"
"3908","大同區","星明里"
"3909","中山區","朱園里"
"3910","文山區","興旺里"
"3911","文山區","興旺里"
"3912","文山區","興得里"
"3913","松山區","復勢里"
"3914","文山區","興福里"
"3915","大同區","至聖里"
"3916","信義區","正和里"
"3917","士林區","社園里"
"3918","南港區","三重里"
"3919","萬華區","福音里"
"3920","大同區","揚雅里"
"3921","大同區","揚雅里"
"3922","南港區","中研里"
"3923","內湖區","樂康里"
"3924","內湖區","樂康里"
"3925","內湖區","南湖里"
"3926","南港區","舊莊里"
"3927","北投區","一德里"
"3928","大安區","古莊里"
"3929","松山區","中正里"
"3930","內湖區","清白里"
"3931","中正區","螢雪里"
"3932","文山區","萬和里"
"3933","信義區","雅祥里"
"3934","大同區","大有里"
"3935","文山區","景東里"
"3936","松山區","慈祐里"
"3937","松山區","慈祐里"
"3938","中山區","聚葉里"
"3939","中正區","忠勤里"
"3940","北投區","中央里"
"3941","中正區","三愛里"
"3942","萬華區","綠堤里"
"3943","文山區","萬芳里"
"3944","中正區","螢圃里"
"3945","南港區","合成里"
"3946","中正區","文祥里"
"3947","內湖區","麗山里"
"3948","信義區","黎平里"
"3949","松山區","吉仁里"
"3950","士林區","天和里"
"3951","南港區","新富里"
"3952","文山區","興福里"
"3953","萬華區","華江里"
"3954","文山區","木柵里"
"3955","士林區","天玉里"
"3956","內湖區","西康里"
"3957","大安區","通安里"
"3958","信義區","景新里"
"3959","北投區","溫泉里"
"3960","大安區","光武里"
"3961","內湖區","清白里"
"3962","萬華區","新安里"
"3963","松山區","鵬程里"
"3964","南港區","舊莊里"
"3965","大同區","建泰里"
"3966","大同區","老師里"
"3967","松山區","東光里"
"3968","內湖區","安湖里"
"3969","萬華區","忠貞里"
"3970","中山區","康樂里"
"3971","松山區","民有里"
"3972","士林區","前港里"
"3973","信義區","三張里"
"3974","內湖區","葫洲里"
"3975","北投區","八仙里"
"3976","北投區","永明里"
"3977","中山區","恆安里"
"3978","信義區","黎安里"
"3979","文山區","順興里"
"3980","信義區","景勤里"
"3981","大安區","義安里"
"3982","大同區","斯文里"
"3983","松山區","吉祥里"
"3984","北投區","中心里"
"3985","大同區","朝陽里"
"3986","萬華區","錦德里"
"3987","信義區","永春里"
"3988","中山區","集英里"
"3989","中正區","文北里"
"3990","萬華區","和平里"
"3991","中山區","恆安里"
"3992","信義區","永春里"
"3993","內湖區","西湖里"
"3994","中正區","文祥里"
"3995","士林區","前港里"
"3996","萬華區","華中里"
"3997","大安區","敦煌里"
"3998","中山區","大直里"
"3999","大同區","隆和里"
"4000","士林區","天山里"
"4001","士林區","天山里"
"4002","中山區","圓山里"
"4003","中正區","林興里"
"4004","大同區","朝陽里"
"4005","大安區","住安里"
"4006","士林區","葫蘆里"
"4007","中山區","永安里"
"4008","文山區","萬和里"
"4009","內湖區","港墘里"
"4010","大安區","建安里"
"4011","中正區","文盛里"
"4012","大安區","新龍里"
"4013","南港區","鴻福里"
"4014","士林區","天祿里"
"4015","中山區","正得里"
"4016","中山區","朱崙里"
"4017","萬華區","和德里"
"4018","萬華區","日善里"
"4019","萬華區","新忠里"
"4020","中山區","大直里"
"4021","北投區","大同里"
"4022","中正區","光復里"
"4023","南港區","合成里"
"4024","士林區","仁勇里"
"4025","中山區","新喜里"
"4026","萬華區","榮德里"
"4027","中山區","圓山里"
"4028","大安區","龍淵里"
"4029","萬華區","萬壽里"
"4030","內湖區","葫洲里"
"4031","松山區","吉祥里"
"4032","文山區","萬盛里"
"4033","大安區","光信里"
"4034","文山區","樟樹里"
"4035","中山區","中山里"
"4036","信義區","長春里"
"4037","大安區","龍生里"
"4038","士林區","天母里"
"4039","士林區","天母里"
"4040","內湖區","行善里"
"4041","大安區","群英里"
"4042","文山區","樟樹里"
"4043","南港區","東新里"
"4044","南港區","新富里"
"4045","大安區","龍圖里"
"4046","文山區","樟樹里"
"4047","大同區","朝陽里"
"4048","文山區","景慶里"
"4049","大安區","民輝里"
"4050","北投區","中心里"
"4051","萬華區","富民里"
"4052","中正區","螢雪里"
"4053","信義區","大仁里"
"4054","文山區","博嘉里"
"4055","北投區","桃源里"
"4056","信義區","松友里"
"4057","南港區","舊莊里"
"4058","士林區","天祿里"
"4059","大安區","全安里"
"4060","大安區","誠安里"
"4061","士林區","明勝里"
"4062","大安區","民輝里"
"4063","大安區","民輝里"
"4064","中山區","興亞里"
"4065","萬華區","和德里"
"4066","萬華區","孝德里"
"4067","士林區","福華里"
"4068","松山區","中正里"
"4069","文山區","萬祥里"
"4070","大安區","龍雲里"
"4071","士林區","菁山里"
"4072","大安區","大學里"
"4073","松山區","安平里"
"4074","內湖區","五分里"
"4075","中山區","正得里"
"4076","松山區","慈祐里"
"4077","南港區","東新里"
"4078","信義區","黎平里"
"4079","松山區","民福里"
"4080","南港區","南港里"
"4081","中正區","南福里"
"4082","北投區","吉慶里"
"4083","北投區","榮華里"
"4084","士林區","舊佳里"
"4085","大安區","車層里"
"4086","大安區","住安里"
"4087","大安區","光信里"
"4088","松山區","介壽里"
"4089","北投區","一德里"
"4090","中山區","下埤里"
"4091","北投區","裕民里"
"4092","信義區","正和里"
"4093","中正區","文盛里"
"4094","內湖區","週美里"
"4095","內湖區","週美里"
"4096","內湖區","寶湖里"
"4097","中山區","晴光里"
"4098","北投區","中心里"
"4099","中山區","下埤里"
"4100","文山區","萬美里"
"4101","大安區","誠安里"
"4102","萬華區","壽德里"
"4103","文山區","興旺里"
"4104","信義區","黎平里"
"4105","文山區","興豐里"
"4106","文山區","興豐里"
"4107","松山區","龍田里"
"4108","士林區","福中里"
"4109","士林區","福華里"
"4110","信義區","五全里"
"4111","大安區","民輝里"
"4112","松山區","三民里"
"4113","信義區","黎平里"
"4114","北投區","稻香里"
"4115","信義區","黎平里"
"4116","士林區","福安里"
"4117","士林區","德行里"
"4118","士林區","明勝里"
"4119","萬華區","西門里"
"4120","中山區","聚盛里"
"4121","士林區","明勝里"
"4122","大安區","群英里"
"4123","士林區","天和里"
"4124","大安區","光武里"
"4125","松山區","介壽里"
"4126","內湖區","金龍里"
"4127","中正區","南福里"
"4128","士林區","前港里"
"4129","北投區","振華里"
"4130","中正區","幸市里"
"4131","文山區","萬年里"
"4132","內湖區","清白里"
"4133","中山區","朱崙里"
"4134","南港區","成福里"
"4135","文山區","順興里"
"4136","中山區","中山里"
"4137","松山區","民福里"
"4138","信義區","五常里"
"4139","文山區","政大里"
"4140","文山區","興旺里"
"4141","中山區","永安里"
"4142","中正區","板溪里"
"4143","信義區","景新里"
"4144","內湖區","金湖里"
"4145","文山區","樟腳里"
"4146","萬華區","菜園里"
"4147","松山區","中華里"
"4148","中山區","中央里"
"4149","文山區","試院里"
"4150","南港區","成福里"
"4151","北投區","永和里"
"4152","大同區","蓬萊里"
"4153","內湖區","港墘里"
"4154","大安區","群賢里"
"4155","文山區","景華里"
"4156","萬華區","新起里"
"4157","南港區","九如里"
"4158","大同區","至聖里"
"4159","中正區","幸福里"
"4160","北投區","中央里"
"4161","大安區","仁慈里"
"4162","文山區","興得里"
"4163","中正區","板溪里"
"4164","士林區","社新里"
"4165","松山區","介壽里"
"4166","文山區","興家里"
"4167","北投區","文林里"
"4168","內湖區","紫星里"
"4169","南港區","中南里"
"4170","文山區","興昌里"
"4171","中正區","三愛里"
"4172","萬華區","錦德里"
"4173","內湖區","安湖里"
"4174","內湖區","瑞陽里"
"4175","大安區","黎元里"
"4176","中正區","廈安里"
"4177","北投區","裕民里"
"4178","文山區","興安里"
"4179","文山區","興得里"
"4180","文山區","萬興里"
"4181","北投區","大同里"
"4182","南港區","聯成里"
"4183","松山區","新聚里"
"4184","大安區","通化里"
"4185","萬華區","菜園里"
"4186","大安區","龍門里"
"4187","文山區","景華里"
"4188","中山區","中山里"
"4189","內湖區","紫星里"
"4190","士林區","福中里"
"4191","大安區","黎元里"
"4192","萬華區","西門里"
"4193","文山區","興得里"
"4194","內湖區","金瑞里"
"4195","萬華區","孝德里"
"4196","文山區","木新里"
"4197","南港區","新光里"
"4198","士林區","蘭雅里"
"4199","萬華區","柳鄉里"
"4200","大安區","群賢里"
"4201","士林區","葫東里"
"4202","萬華區","新起里"
"4203","松山區","自強里"
"4204","萬華區","頂碩里"
"4205","內湖區","紫陽里"
"4206","內湖區","葫洲里"
"4207","大安區","全安里"
"4208","大安區","龍生里"
"4209","北投區","溫泉里"
"4210","信義區","黎忠里"
"4211","文山區","興家里"
"4212","士林區","社新里"
"4213","文山區","萬盛里"
"4214","南港區","西新里"
"4215","內湖區","西安里"
"4216","內湖區","碧山里"
"4217","文山區","萬隆里"
"4218","萬華區","興德里"
"4219","萬華區","新忠里"
"4220","信義區","興隆里"
"4221","南港區","東新里"
"4222","士林區","福德里"
"4223","萬華區","菜園里"
"4224","北投區","溫泉里"
"4225","中山區","正義里"
"4226","內湖區","寶湖里"
"4227","士林區","德華里"
"4228","南港區","重陽里"
"4229","大安區","義村里"
"4230","內湖區","葫洲里"
"4231","內湖區","湖興里"
"4232","大安區","民輝里"
"4233","北投區","中心里"
"4234","大安區","建安里"
"4235","內湖區","西康里"
"4236","萬華區","興德里"
"4237","內湖區","西康里"
"4238","士林區","天和里"
"4239","信義區","廣居里"
"4240","北投區","奇岩里"
"4241","內湖區","安湖里"
"4242","中山區","民安里"
"4243","中山區","民安里"
"4244","北投區","清江里"
"4245","中山區","中吉里"
"4246","中正區","水源里"
"4247","北投區","溫泉里"
"4248","北投區","永明里"
"4249","大安區","黎孝里"
"4250","文山區","萬美里"
"4251","大安區","敦煌里"
"4252","大同區","星明里"
"4253","北投區","林泉里"
"4254","萬華區","富民里"
"4255","北投區","清江里"
"4256","文山區","景東里"
"4257","北投區","稻香里"
"4258","大同區","雙連里"
"4259","大安區","黎孝里"
"4260","松山區","新聚里"
"4261","內湖區","紫雲里"
"4262","士林區","社子里"
"4263","南港區","合成里"
"4264","南港區","合成里"
"4265","大安區","義安里"
"4266","大同區","隆和里"
"4267","中正區","三愛里"
"4268","文山區","興豐里"
"4269","北投區","秀山里"
"4270","大安區","黎元里"
"4271","大安區","光武里"
"4272","內湖區","瑞陽里"
"4273","文山區","順興里"
"4274","南港區","三重里"
"4275","中山區","朱園里"
"4276","南港區","合成里"
"4277","大同區","大有里"
"4278","內湖區","大湖里"
"4279","松山區","吉仁里"
"4280","士林區","天山里"
"4281","內湖區","明湖里"
"4282","松山區","莊敬里"
"4283","中山區","新庄里"
"4284","中正區","板溪里"
"4285","內湖區","西康里"
"4286","松山區","自強里"
"4287","士林區","明勝里"
"4288","大安區","龍生里"
"4289","信義區","中坡里"
"4290","信義區","雙和里"
"4291","萬華區","榮德里"
"4292","松山區","新東里"
"4293","信義區","中興里"
"4294","南港區","三重里"
"4295","士林區","名山里"
"4296","松山區","富錦里"
"4297","中山區","圓山里"
"4298","北投區","桃源里"
"4299","松山區","復勢里"
"4300","松山區","慈祐里"
"4301","信義區","興雅里"
"4302","中山區","行仁里"
"4303","內湖區","明湖里"
"4304","內湖區","週美里"
"4305","文山區","樟新里"
"4306","中山區","朱園里"
"4307","大安區","龍門里"
"4308","內湖區","湖興里"
"4309","大同區","建功里"
"4310","信義區","敦厚里"
"4311","信義區","惠安里"
"4312","松山區","新聚里"
"4313","中正區","東門里"
"4314","北投區","清江里"
"4315","中山區","行孝里"
"4316","萬華區","青山里"
"4317","士林區","明勝里"
"4318","文山區","萬盛里"
"4319","萬華區","福星里"
"4320","松山區","復源里"
"4321","文山區","明義里"
"4322","南港區","東明里"
"4323","信義區","中興里"
"4324","大安區","仁愛里"
"4325","士林區","社園里"
"4326","大同區","斯文里"
"4327","大同區","斯文里"
"4328","文山區","樟文里"
"4329","信義區","景聯里"
"4330","南港區","九如里"
"4331","萬華區","日祥里"
"4332","內湖區","湖元里"
"4333","北投區","奇岩里"
"4334","南港區","中研里"
"4335","萬華區","雙園里"
"4336","中山區","恆安里"
"4337","中山區","成功里"
"4338","松山區","民有里"
"4339","內湖區","港墘里"
"4340","信義區","長春里"
"4341","大安區","臨江里"
"4342","士林區","永倫里"
"4343","北投區","關渡里"
"4344","文山區","興業里"
"4345","中正區","幸福里"
"4346","文山區","興昌里"
"4347","大安區","龍坡里"
"4348","文山區","順興里"
"4349","松山區","復盛里"
"4350","文山區","興光里"
"4351","中山區","正得里"
"4352","內湖區","西湖里"
"4353","萬華區","日祥里"
"4354","中山區","聚盛里"
"4355","中山區","晴光里"
"4356","萬華區","萬壽里"
"4357","北投區","開明里"
"4358","文山區","華興里"
"4359","松山區","介壽里"
"4360","文山區","興光里"
"4361","士林區","福德里"
"4362","中正區","文祥里"
"4363","內湖區","西康里"
"4364","士林區","永倫里"
"4365","北投區","中央里"
"4366","中正區","文祥里"
"4367","內湖區","葫洲里"
"4368","中山區","新生里"
"4369","大同區","隆和里"
"4370","中山區","金泰里"
"4371","中正區","板溪里"
"4372","南港區","南港里"
"4373","大同區","隆和里"
"4374","文山區","明義里"
"4375","松山區","富泰里"
"4376","松山區","富泰里"
"4377","松山區","富泰里"
"4378","大安區","黎孝里"
"4379","萬華區","富福里"
"4380","文山區","明義里"
"4381","中山區","金泰里"
"4382","中山區","中山里"
"4383","文山區","指南里"
"4384","中山區","金泰里"
"4385","內湖區","康寧里"
"4386","士林區","明勝里"
"4387","內湖區","行善里"
"4388","大安區","通安里"
"4389","內湖區","安湖里"
"4390","中山區","中吉里"
"4391","士林區","福佳里"
"4392","內湖區","金瑞里"
"4393","北投區","一德里"
"4394","大同區","民權里"
"4395","大安區","學府里"
"4396","松山區","龍田里"
"4397","士林區","忠誠里"
"4398","松山區","復源里"
"4399","松山區","中華里"
"4400","松山區","中正里"
"4401","萬華區","錦德里"
"4402","內湖區","港華里"
"4403","信義區","泰和里"
"4404","文山區","萬和里"
"4405","北投區","文林里"
"4406","中山區","中山里"
"4407","中正區","龍光里"
"4408","中正區","幸福里"
"4409","文山區","萬芳里"
"4410","信義區","大仁里"
"4411","松山區","復盛里"
"4412","信義區","泰和里"
"4413","中山區","中庄里"
"4414","大同區","蓬萊里"
"4415","士林區","名山里"
"4416","中山區","中庄里"
"4417","士林區","富洲里"
"4418","大同區","玉泉里"
"4419","大同區","玉泉里"
"4420","松山區","自強里"
"4421","文山區","興福里"
"4422","文山區","萬芳里"
"4423","大安區","臨江里"
"4424","大同區","保安里"
"4425","中山區","成功里"
"4426","信義區","景聯里"
"4427","大同區","老師里"
"4428","大同區","老師里"
"4429","中山區","新庄里"
"4430","中山區","恆安里"
"4431","文山區","興家里"
"4432","大安區","全安里"
"4433","士林區","東山里"
"4434","內湖區","港墘里"
"4435","南港區","合成里"
"4436","大安區","黎孝里"
"4437","北投區","永和里"
"4438","北投區","大同里"
"4439","中山區","朱園里"
"4440","士林區","永倫里"
"4441","內湖區","瑞光里"
"4442","松山區","東光里"
"4443","松山區","慈祐里"
"4444","中正區","網溪里"
"4445","信義區","三犁里"
"4446","大安區","黎孝里"
"4447","文山區","指南里"
"4448","信義區","西村里"
"4449","松山區","東光里"
"4450","大安區","光信里"
"4451","士林區","社新里"
"4452","萬華區","華江里"
"4453","文山區","博嘉里"
"4454","大安區","民輝里"
"4455","中正區","忠勤里"
"4456","萬華區","壽德里"
"4457","北投區","中央里"
"4458","南港區","成福里"
"4459","中山區","集英里"
"4460","內湖區","內湖里"
"4461","內湖區","瑞陽里"
"4462","大同區","玉泉里"
"4463","文山區","興光里"
"4464","中山區","中庄里"
"4465","萬華區","壽德里"
"4466","士林區","德行里"
"4467","南港區","聯成里"
"4468","文山區","萬祥里"
"4469","松山區","東光里"
"4470","北投區","立農里"
"4471","中山區","朱園里"
"4472","大安區","昌隆里"
"4473","大安區","龍陣里"
"4474","中正區","文北里"
"4475","南港區","舊莊里"
"4476","中山區","朱崙里"
"4477","松山區","龍田里"
"4478","南港區","南港里"
"4479","中山區","新福里"
"4480","中山區","恆安里"
"4481","中正區","板溪里"
"4482","信義區","中興里"
"4483","文山區","萬祥里"
"4484","士林區","永倫里"
"4485","大安區","福住里"
"4486","大同區","南芳里"
"4487","大安區","龍雲里"
"4488","大同區","至聖里"
"4489","萬華區","菜園里"
"4490","大安區","永康里"
"4491","大同區","民權里"
"4492","內湖區","港墘里"
"4493","北投區","秀山里"
"4494","大安區","住安里"
"4495","內湖區","瑞光里"
"4496","信義區","國業里"
"4497","北投區","大同里"
"4498","南港區","重陽里"
"4499","中正區","螢雪里"
"4500","文山區","興光里"
"4501","信義區","景聯里"
"4502","士林區","天母里"
"4503","萬華區","和德里"
"4504","士林區","天祿里"
"4505","萬華區","錦德里"
"4506","文山區","景華里"
"4507","文山區","木新里"
"4508","內湖區","紫陽里"
"4509","中山區","聚葉里"
"4510","萬華區","福星里"
"4511","大安區","建安里"
"4512","信義區","六合里"
"4513","中山區","行仁里"
"4514","中山區","聚盛里"
"4515","文山區","興光里"
"4516","信義區","三犁里"
"4517","萬華區","忠貞里"
"4518","中正區","林興里"
"4519","文山區","木新里"
"4520","信義區","雙和里"
"4521","中山區","興亞里"
"4522","大安區","光信里"
"4523","中正區","幸福里"
"4524","大安區","誠安里"
"4525","北投區","開明里"
"4526","中正區","忠勤里"
"4527","文山區","樟腳里"
"4528","松山區","復建里"
"4529","松山區","復建里"
"4530","內湖區","內湖里"
"4531","信義區","黎順里"
"4532","萬華區","福星里"
"4533","內湖區","湖元里"
"4534","信義區","中坡里"
"4535","士林區","後港里"
"4536","南港區","成福里"
"4537","萬華區","華江里"
"4538","文山區","指南里"
"4539","大同區","南芳里"
"4540","北投區","中心里"
"4541","信義區","松隆里"
"4542","信義區","黎安里"
"4543","大同區","朝陽里"
"4544","萬華區","青山里"
"4545","中山區","下埤里"
"4546","信義區","黎順里"
"4547","內湖區","港都里"
"4548","萬華區","菜園里"
"4549","大同區","南芳里"
"4550","大同區","鄰江里"
"4551","松山區","富泰里"
"4552","內湖區","港華里"
"4553","中山區","康樂里"
"4554","北投區","永欣里"
"4555","大安區","誠安里"
"4556","士林區","岩山里"
"4557","中正區","網溪里"
"4558","北投區","永欣里"
"4559","士林區","永倫里"
"4560","內湖區","港墘里"
"4561","大安區","仁愛里"
"4562","信義區","三張里"
"4563","內湖區","港華里"
"4564","內湖區","碧山里"
"4565","北投區","振華里"
"4566","士林區","福志里"
"4567","大同區","鄰江里"
"4568","大同區","至聖里"
"4569","萬華區","新起里"
"4570","中正區","忠勤里"
"4571","內湖區","樂康里"
"4572","文山區","興得里"
"4573","信義區","松友里"
"4574","大安區","通化里"
"4575","文山區","順興里"
"4576","南港區","舊莊里"
"4577","士林區","葫蘆里"
"4578","萬華區","和平里"
"4579","中正區","忠勤里"
"4580","內湖區","樂康里"
"4581","中山區","恆安里"
"4582","內湖區","湖元里"
"4583","大安區","龍生里"
"4584","南港區","新光里"
"4585","中山區","集英里"
"4586","松山區","新聚里"
"4587","內湖區","港富里"
"4588","北投區","關渡里"
"4589","南港區","東新里"
"4590","萬華區","興德里"
"4591","大同區","民權里"
"4592","大安區","華聲里"
"4593","松山區","新東里"
"4594","中山區","復華里"
"4595","大安區","大學里"
"4596","萬華區","壽德里"
"4597","大安區","全安里"
"4598","中山區","劍潭里"
"4599","士林區","富洲里"
"4600","士林區","忠誠里"
"4601","文山區","木新里"
"4602","中正區","南門里"
"4603","大同區","星明里"
"4604","信義區","五常里"
"4605","士林區","社園里"
"4606","北投區","智仁里"
"4607","士林區","後港里"
"4608","北投區","中庸里"
"4609","信義區","景新里"
"4610","文山區","興福里"
"4611","內湖區","葫洲里"
"4612","士林區","福志里"
"4613","中山區","聚葉里"
"4614","文山區","萬隆里"
"4615","文山區","景行里"
"4616","萬華區","萬壽里"
"4617","中山區","行孝里"
"4618","松山區","慈祐里"
"4619","大同區","老師里"
"4620","文山區","樟新里"
"4621","文山區","博嘉里"
"4622","信義區","大道里"
"4623","文山區","明興里"
"4624","南港區","新富里"
"4625","北投區","清江里"
"4626","中山區","行仁里"
"4627","南港區","新光里"
"4628","大安區","誠安里"
"4629","內湖區","石潭里"
"4630","大安區","德安里"
"4631","內湖區","西湖里"
"4632","士林區","天母里"
"4633","大安區","通化里"
"4634","萬華區","和德里"
"4635","萬華區","華中里"
"4636","萬華區","頂碩里"
"4637","信義區","嘉興里"
"4638","文山區","樟林里"
"4639","松山區","安平里"
"4640","萬華區","福音里"
"4641","松山區","中正里"
"4642","中正區","林興里"
"4643","文山區","景仁里"
"4644","內湖區","寶湖里"
"4645","中山區","大直里"
"4646","中山區","行政里"
"4647","北投區","尊賢里"
"4648","大安區","龍泉里"
"4649","中山區","中吉里"
"4650","文山區","興光里"
"4651","文山區","景仁里"
"4652","北投區","桃源里"
"4653","士林區","福華里"
"4654","內湖區","東湖里"
"4655","北投區","福興里"
"4656","中正區","龍興里"
"4657","信義區","中行里"
"4658","士林區","富洲里"
"4659","文山區","萬年里"
"4660","北投區","清江里"
"4661","南港區","九如里"
"4662","士林區","天山里"
"4663","內湖區","樂康里"
"4664","大安區","法治里"
"4665","大安區","法治里"
"4666","士林區","蘭興里"
"4667","士林區","天玉里"
"4668","大同區","隆和里"
"4669","士林區","芝山里"
"4670","信義區","五全里"
"4671","松山區","富錦里"
"4672","松山區","中崙里"
"4673","中山區","埤頭里"
"4674","內湖區","湖元里"
"4675","內湖區","瑞陽里"
"4676","南港區","聯成里"
"4677","萬華區","新和里"
"4678","大安區","建安里"
"4679","大安區","臨江里"
"4680","松山區","東光里"
"4681","內湖區","明湖里"
"4682","大安區","建安里"
"4683","內湖區","紫星里"
"4684","大安區","法治里"
"4685","北投區","永欣里"
"4686","文山區","興得里"
"4687","中山區","正義里"
"4688","信義區","永春里"
"4689","中山區","朱園里"
"4690","士林區","葫蘆里"
"4691","中正區","水源里"
"4692","文山區","試院里"
"4693","信義區","四育里"
"4694","大安區","和安里"
"4695","松山區","復盛里"
"4696","萬華區","頂碩里"
"4697","北投區","福興里"
"4698","大同區","老師里"
"4699","中正區","梅花里"
"4700","士林區","德華里"
"4701","士林區","德華里"
"4702","萬華區","新起里"
"4703","信義區","松友里"
"4704","南港區","南港里"
"4705","萬華區","富民里"
"4706","士林區","天山里"
"4707","信義區","三犁里"
"4708","南港區","舊莊里"
"4709","文山區","萬美里"
"4710","南港區","新光里"
"4711","萬華區","富福里"
"4712","松山區","東榮里"
"4713","中正區","幸市里"
"4714","北投區","尊賢里"
"4715","文山區","興家里"
"4716","文山區","萬隆里"
"4717","中山區","集英里"
"4718","內湖區","紫星里"
"4719","文山區","景行里"
"4720","中山區","朱馥里"
"4721","中正區","林興里"
"4722","大同區","揚雅里"
"4723","中山區","朱園里"
"4724","士林區","芝山里"
"4725","大安區","和安里"
"4726","萬華區","仁德里"
"4727","文山區","萬和里"
"4728","大安區","新龍里"
"4729","信義區","五常里"
"4730","中山區","松江里"
"4731","中正區","新營里"
"4732","內湖區","湖興里"
"4733","萬華區","榮德里"
"4734","文山區","景行里"
"4735","信義區","三張里"
"4736","文山區","試院里"
"4737","大安區","義村里"
"4738","中山區","集英里"
"4739","南港區","舊莊里"
"4740","士林區","後港里"
"4741","士林區","前港里"
"4742","內湖區","內湖里"
"4743","文山區","明興里"
"4744","文山區","順興里"
"4745","南港區","百福里"
"4746","士林區","名山里"
"4747","中山區","大直里"
"4748","中正區","永昌里"
"4749","內湖區","葫洲里"
"4750","士林區","社新里"
"4751","文山區","興安里"
"4752","萬華區","糖?里"
"4753","士林區","葫東里"
"4754","萬華區","富民里"
"4755","松山區","民福里"
"4756","中山區","中原里"
"4757","大安區","車層里"
"4758","信義區","黎平里"
"4759","士林區","社新里"
"4760","中山區","晴光里"
"4761","中正區","網溪里"
"4762","松山區","介壽里"
"4763","松山區","介壽里"
"4764","南港區","重陽里"
"4765","松山區","中崙里"
"4766","信義區","雅祥里"
"4767","北投區","振華里"
"4768","萬華區","銘德里"
"4769","中山區","江山里"
"4770","文山區","木新里"
"4771","中正區","螢圃里"
"4772","大安區","龍生里"
"4773","文山區","景東里"
"4774","中山區","埤頭里"
"4775","大同區","老師里"
"4776","松山區","東光里"
"4777","信義區","雅祥里"
"4778","文山區","明義里"
"4779","信義區","雅祥里"
"4780","中山區","晴光里"
"4781","中正區","網溪里"
"4782","文山區","順興里"
"4783","萬華區","雙園里"
"4784","信義區","中坡里"
"4785","萬華區","全德里"
"4786","大同區","延平里"
"4787","中山區","正得里"
"4788","文山區","興光里"
"4789","信義區","泰和里"
"4790","內湖區","金龍里"
"4791","文山區","樟樹里"
"4792","萬華區","忠德里"
"4793","萬華區","青山里"
"4794","北投區","振華里"
"4795","北投區","一德里"
"4796","萬華區","壽德里"
"4797","大同區","鄰江里"
"4798","南港區","合成里"
"4799","大安區","黎孝里"
"4800","萬華區","壽德里"
"4801","信義區","正和里"
"4802","中山區","晴光里"
"4803","內湖區","港富里"
"4804","大同區","民權里"
"4805","大安區","法治里"
"4806","文山區","試院里"
"4807","大安區","建倫里"
"4808","文山區","萬芳里"
"4809","信義區","嘉興里"
"4810","北投區","榮華里"
"4811","萬華區","華江里"
"4812","中正區","龍光里"
"4813","松山區","自強里"
"4814","內湖區","瑞陽里"
"4815","北投區","尊賢里"
"4816","內湖區","港華里"
"4817","文山區","景行里"
"4818","松山區","鵬程里"
"4819","中正區","螢雪里"
"4820","萬華區","綠堤里"
"4821","內湖區","週美里"
"4822","文山區","萬興里"
"4823","信義區","中行里"
"4824","信義區","松友里"
"4825","信義區","松隆里"
"4826","萬華區","新和里"
"4827","北投區","清江里"
"4828","大安區","新龍里"
"4829","萬華區","菜園里"
"4830","大安區","民輝里"
"4831","大安區","龍雲里"
"4832","中正區","廈安里"
"4833","南港區","聯成里"
"4834","大同區","光能里"
"4835","南港區","成福里"
"4836","士林區","福中里"
"4837","大安區","光武里"
"4838","文山區","興業里"
"4839","大安區","誠安里"
"4840","內湖區","行善里"
"4841","信義區","松光里"
"4842","大同區","建明里"
"4843","信義區","中興里"
"4844","信義區","惠安里"
"4845","文山區","指南里"
"4846","文山區","指南里"
"4847","信義區","三張里"
"4848","松山區","吉祥里"
"4849","萬華區","青山里"
"4850","中山區","康樂里"
"4851","士林區","永倫里"
"4852","大安區","義村里"
"4853","士林區","天母里"
"4854","信義區","松隆里"
"4855","內湖區","瑞光里"
"4856","內湖區","週美里"
"4857","萬華區","福星里"
"4858","信義區","五全里"
"4859","中正區","幸福里"
"4860","文山區","明興里"
"4861","大安區","臨江里"
"4862","信義區","松友里"
"4863","士林區","天玉里"
"4864","大安區","和安里"
"4865","文山區","明義里"
"4866","松山區","中華里"
"4867","內湖區","瑞光里"
"4868","北投區","立農里"
"4869","士林區","葫蘆里"
"4870","松山區","安平里"
"4871","萬華區","和德里"
"4872","北投區","桃源里"
"4873","內湖區","港墘里"
"4874","內湖區","港墘里"
"4875","文山區","試院里"
"4876","中山區","行仁里"
"4877","松山區","新聚里"
"4878","中山區","新庄里"
"4879","士林區","公館里"
"4880","信義區","五全里"
"4881","信義區","三張里"
"4882","萬華區","全德里"
"4883","大安區","古風里"
"4884","萬華區","菜園里"
"4885","士林區","承德里"
"4886","信義區","黎安里"
"4887","南港區","三重里"
"4888","大同區","大有里"
"4889","中山區","成功里"
"4890","信義區","中坡里"
"4891","中山區","新庄里"
"4892","內湖區","五分里"
"4893","士林區","聖山里"
"4894","萬華區","日善里"
"4895","北投區","中和里"
"4896","文山區","指南里"
"4897","文山區","指南里"
"4898","中山區","金泰里"
"4899","松山區","介壽里"
"4900","萬華區","興德里"
"4901","南港區","玉成里"
"4902","南港區","舊莊里"
"4903","南港區","成福里"
"4904","松山區","民福里"
"4905","文山區","萬美里"
"4906","內湖區","紫陽里"
"4907","南港區","重陽里"
"4908","南港區","鴻福里"
"4909","大安區","敦煌里"
"4910","南港區","新富里"
"4911","松山區","吉祥里"
"4912","萬華區","華中里"
"4913","松山區","民福里"
"4914","內湖區","紫陽里"
"4915","文山區","景行里"
"4916","士林區","永倫里"
"4917","文山區","樟樹里"
"4918","信義區","長春里"
"4919","萬華區","和平里"
"4920","信義區","正和里"
"4921","萬華區","柳鄉里"
"4922","松山區","安平里"
"4923","大安區","龍安里"
"4924","文山區","明義里"
"4925","大安區","全安里"
"4926","大同區","至聖里"
